,title,rating,reviews,type,address,operating_hours,phone,website,user_review
0,Oika Arquitetura,4.9,26.0,Architect,"Av Ruy Carneiro 303, sala 703, Green Tower, Miramar - João Pessoa-PB, 58032-100, Miramar, João Pessoa - PB, 58038-281, Brazil","{'friday': '8AM–6PM', 'saturday': 'Closed', 'sunday': 'Closed', 'monday': '8AM–6PM', 'tuesday': '8AM–6PM', 'wednesday': '8AM–6PM', 'thursday': '8AM–6PM'}",+55 83 3045-0843,https://oika.com.br/,
1,Planej | Escritório de Arquitetura e Engenharia Civil,4.8,22.0,Architect,"Universidade Federal da Paraíba, Centro de Tecnologia Bloco CTJ, 2º Andar, Sala CTJ 208, Cidade Universitária, João Pessoa - PB, 58051-900, Brazil","{'friday': '8AM–6PM', 'saturday': 'Closed', 'sunday': 'Closed', 'monday': '8AM–6PM', 'tuesday': '8AM–6PM', 'wednesday': '8AM–6PM', 'thursday': '8AM–6PM'}",+55 83 99634-2222,http://www.planejpb.com.br/,
2,Ponto Arquitetura,4.7,14.0,Architect,"R. Maria Eduarda de Carvalho Moura Silva, 75 - Jardim Cidade Universitária, João Pessoa - PB, 58051-640, Brazil","{'friday': '8AM–5PM', 'saturday': 'Closed', 'sunday': 'Closed', 'monday': '8AM–5PM', 'tuesday': '8AM–5PM', 'wednesday': '8AM–5PM', 'thursday': '8AM–5PM'}",+55 83 99654-1190,,
3,Studio Haus 83 Arquitetura,5.0,63.0,Interior architect office,"R. Zulmira Félix de Carvalho, 205 - Brisamar, João Pessoa - PB, 58033-120, Brazil","{'friday': '8AM–6PM', 'saturday': '8AM–2PM', 'sunday': 'Closed', 'monday': '8AM–6PM', 'tuesday': '8AM–6PM', 'wednesday': '8AM–6PM', 'thursday': '8AM–6PM'}",+55 83 99834-0256,https://www.instagram.com/studiohaus.83/,
4,Regina Neri Arquitetura,5.0,13.0,Architect,"Delta center, R. Empresário João Rodrigues Alves, 125 - Bancários, João Pessoa - PB, 58052-750, Brazil","{'friday': '8AM–6PM', 'saturday': '8AM–2PM', 'sunday': 'Closed', 'monday': '8AM–6PM', 'tuesday': '8AM–6PM', 'wednesday': '8AM–6PM', 'thursday': '8AM–6PM'}",+55 83 99616-5668,https://www.reginaneriarquitetura.com/,
5,Martins Lucena Architects,5.0,8.0,Architect,"Av. Júlia Freire, 1200 - Sala 808 - Expedicionários, João Pessoa - PB, 58040-040, Brazil","{'friday': '8AM–7PM', 'saturday': 'Closed', 'sunday': 'Closed', 'monday': '8AM–7PM', 'tuesday': '8AM–7PM', 'wednesday': '8AM–7PM', 'thursday': '8AM–7PM'}",+55 83 3021-8537,http://www.martinslucena.com/,
6,PRO A2 ARQUITETURA,5.0,11.0,Architect,"Av. Sen. Ruy Carneiro, 300 - Miramar, João Pessoa - PB, 58032-101, Brazil","{'friday': '9AM–6PM', 'saturday': 'Closed', 'sunday': 'Closed', 'monday': '9AM–6PM', 'tuesday': '9AM–6PM', 'wednesday': '9AM–6PM', 'thursday': '9AM–6PM'}",,https://www.instagram.com/proa2arquitetos/,
7,Juliana Vitoriano Arquitetura,5.0,7.0,Architect,,"{'friday': '8AM–6PM', 'saturday': 'Closed', 'sunday': 'Closed', 'monday': '8AM–6PM', 'tuesday': '8AM–6PM', 'wednesday': '8AM–6PM', 'thursday': '8AM–6PM'}",,http://julianavitoriano.com/?utm_source=gmb&utm_medium=referral,
8,Raíra Rolim Arquitetura,5.0,5.0,Architect,"Empresarial Eco Business Center, R. Antônio Rabelo Júnior, 161 - sala 2503 - Miramar, João Pessoa - PB, 58032-090, Brazil","{'friday': '8AM–6PM', 'saturday': 'Closed', 'sunday': 'Closed', 'monday': '8AM–6PM', 'tuesday': '8AM–6PM', 'wednesday': '8AM–6PM', 'thursday': '8AM–6PM'}",+55 83 99920-9135,http://www.rairarolim.com/,
9,Renê Venâncio Arquitetura,5.0,6.0,Architect,"R. Custódio Domingos dos Santos - Brisamar, João Pessoa - PB, 58033-370, Brazil","{'friday': '8AM–6PM', 'saturday': 'Closed', 'sunday': 'Closed', 'monday': '8AM–6PM', 'tuesday': '8AM–6PM', 'wednesday': '8AM–6PM', 'thursday': '8AM–6PM'}",+55 83 98610-7907,,
10,Architecture Office Débora Pires and Juliana Xavier,4.0,4.0,Architect,"R. Universitário Carlos Marcelo Pinto, 118 - Torre, João Pessoa - PB, 58040-350, Brazil","{'friday': '8AM–6PM', 'saturday': 'Closed', 'sunday': 'Closed', 'monday': '8AM–6PM', 'tuesday': '8AM–6PM', 'wednesday': '8AM–6PM', 'thursday': '8AM–6PM'}",+55 83 3244-4024,http://www.piresxavierarquitetura.com.br/,
11,Marconi Aragão Arquitetura,5.0,12.0,Architect,"Av. Gen. Edson Ramalho, 100 - Sala 503 - Manaíra, João Pessoa - PB, 58038-100, Brazil","{'friday': '9AM–12PM', 'saturday': 'Closed', 'sunday': 'Closed', 'monday': '9AM–12PM', 'tuesday': '9AM–12PM', 'wednesday': '9AM–12PM', 'thursday': '9AM–12PM'}",+55 83 98808-2982,https://www.instagram.com/marconi.arquiteto/,
12,360 Arquitetura,4.9,14.0,Architect,"Empresarial Esperança, Av. Esperança, 1074 - Sala 201 - Manaíra, João Pessoa - PB, 58038-281, Brazil","{'friday': '8AM–12PM', 'saturday': 'Closed', 'sunday': 'Closed', 'monday': '8AM–12PM', 'tuesday': '8AM–12PM', 'wednesday': '8AM–12PM', 'thursday': '8AM–12PM'}",+55 83 3021-3999,http://www.360arquitetura.arq.br/,
13,Sandra Moura Arquitetura,4.3,12.0,Architect,"Av. Monteiro da Franca, 989 - Manaíra, João Pessoa - PB, 58038-320, Brazil","{'friday': '8AM–12PM', 'saturday': 'Closed', 'sunday': 'Closed', 'monday': '8AM–12PM', 'tuesday': '8AM–12PM', 'wednesday': '8AM–12PM', 'thursday': '8AM–12PM'}",+55 83 99131-6456,http://sandramoura.com.br/,
14,Germano Romero Arquitetura,5.0,5.0,Architect,"R. Nossa Sra. dos Navegantes, 792 - Tambaú, João Pessoa - PB, 58039-111, Brazil","{'friday': '8:30AM–12PM', 'saturday': 'Closed', 'sunday': 'Closed', 'monday': '8:30AM–12PM', 'tuesday': '8:30AM–12PM', 'wednesday': '8:30AM–12PM', 'thursday': '8:30AM–12PM'}",+55 83 98819-6245,http://germanoromero.com.br/,
15,Isa Rolim | Fotografia de Arquitetura,5.0,5.0,Architect,,"{'friday': 'Open 24 hours', 'saturday': 'Open 24 hours', 'sunday': 'Closed', 'monday': 'Open 24 hours', 'tuesday': 'Open 24 hours', 'wednesday': 'Open 24 hours', 'thursday': 'Open 24 hours'}",,http://isarolim.com/,
16,Línea Arquitetura,5.0,10.0,Architect,"Av. Monteiro da Franca, 957 - Manaíra, João Pessoa - PB, 58033-455, Brazil","{'friday': '8AM–12PM', 'saturday': 'Closed', 'sunday': 'Closed', 'monday': '8AM–12PM', 'tuesday': '8AM–12PM', 'wednesday': '8AM–12PM', 'thursday': '8AM–12PM'}",+55 83 98715-4920,,
17,Nilene Borba e Suzienne Martins Arquitetura e Interiores,5.0,3.0,Architect,"Central Business Park, Av. Pres. Epitácio Pessoa, 753 Empresarial, Sala 307 - Estados, João Pessoa - PB, 58030-010, Brazil","{'friday': '8AM–6PM', 'saturday': 'Closed', 'sunday': 'Closed', 'monday': '8AM–6PM', 'tuesday': '8AM–6PM', 'wednesday': '8AM–6PM', 'thursday': '8AM–6PM'}",+55 83 98811-4394,https://www.nilenesuzienne.com/,
18,Contemporânea Arquitetura e Design de Interiores,5.0,12.0,Interior designer,"Av. Gen. Bento da Gama, 328 - Torre, João Pessoa - PB, 58040-090, Brazil","{'friday': '9AM–6PM', 'saturday': 'Closed', 'sunday': 'Closed', 'monday': '9AM–6PM', 'tuesday': '9AM–6PM', 'wednesday': '9AM–6PM', 'thursday': '9AM–6PM'}",+55 83 99624-0477,,
19,Terruá Arquitetura,5.0,3.0,Architect,"Rua José Clementino de Oliveira, 595 - Miramar, João Pessoa - PB, 58042-300, Brazil","{'friday': '8:30AM–12:30PM', 'saturday': 'Closed', 'sunday': 'Closed', 'monday': '8:30AM–12:30PM', 'tuesday': '8:30AM–12:30PM', 'wednesday': '8:30AM–12:30PM', 'thursday': '8:30AM–12:30PM'}",+55 83 3506-0631,https://www.instagram.com/terrua.arquitetura/,
20,Fábio Morais Arquitetura e Interiores,5.0,4.0,Architect,"Av. Rio Grande do Sul, 1345 - Estados, João Pessoa - PB, 58030-021, Brazil","{'friday': '8am–6pm', 'saturday': '9am–12pm', 'sunday': 'Closed', 'monday': '8am–6pm', 'tuesday': '8am–6pm', 'wednesday': '8am–6pm', 'thursday': '8am–6pm'}",+55 83 99649-4699,,
21,Ponte Arquitetura,5.0,4.0,Architect,"R. Dep. Geraldo Mariz, 946 - Tambauzinho, João Pessoa - PB, 58042-060, Brazil","{'friday': '8am–6pm', 'saturday': 'Closed', 'sunday': 'Closed', 'monday': '8am–6pm', 'tuesday': '8am–6pm', 'wednesday': '8am–6pm', 'thursday': '8am–6pm'}",+55 83 98667-4669,http://instagram.com/pontearquitetura,
22,Georgia Suassuna Arquitetura,5.0,3.0,Architect,"Av. Sen. Ruy Carneiro, 212 - 2 - Miramar, João Pessoa - PB, 58032-101, Brazil","{'friday': '8am–5pm', 'saturday': 'Closed', 'sunday': 'Closed', 'monday': '8am–5pm', 'tuesday': '8am–5pm', 'wednesday': '8am–5pm', 'thursday': '8am–5pm'}",+55 83 3023-2320,https://georgiasuassuna.com.br/,
23,GEO HERCULANO ARQUITETURA E INTERIORES,5.0,3.0,Architect,"R. dos Pinheiros, 186 - Anatólia, João Pessoa - PB, 58052-090, Brazil","{'friday': '8am–5pm', 'saturday': 'Closed', 'sunday': 'Closed', 'monday': '8am–5pm', 'tuesday': '8am–5pm', 'wednesday': '8am–5pm', 'thursday': '8am–5pm'}",+55 83 98712-1393,,
24,7S34W Arquitetura,5.0,10.0,Architect,"Av. Gov. Flávio Ribeiro Coutinho, 500 - Sala 705 - Jardim Oceania, João Pessoa - PB, 58037-005, Brazil","{'friday': '8am–6pm', 'saturday': 'Closed', 'sunday': 'Closed', 'monday': '8am–6pm', 'tuesday': '8am–6pm', 'wednesday': '8am–6pm', 'thursday': '8am–6pm'}",+55 83 98832-5856,https://www.7s34w.com/,
25,Ária Arquitetura,4.1,7.0,Interior architect office,"Av. Amazonas - Estados, João Pessoa - PB, 58030-140, Brazil","{'friday': '8:30am–5pm', 'saturday': 'Closed', 'sunday': 'Closed', 'monday': '8:30am–5pm', 'tuesday': '8:30am–5pm', 'wednesday': '8:30am–5pm', 'thursday': '8:30am–5pm'}",+55 83 99858-2736,http://decoratt.vitrinevirtual.net/,
26,RAFFAELE ARQUITETURA *,5.0,2.0,Architect,"R. Bancário Manoel Geraldo da Silva, 263 - Bancários, João Pessoa - PB, 58051-300, Brazil","{'friday': '8am–5pm', 'saturday': 'Closed', 'sunday': 'Closed', 'monday': '8am–5pm', 'tuesday': '8am–5pm', 'wednesday': '8am–5pm', 'thursday': '8am–5pm'}",+55 83 99695-5599,,
27,Tainá Andrade Arquitetura,4.5,2.0,Architect,"Condomínio do Edifício Empresarial Trade Office CE, SL 703, Av. Sen. Ruy Carneiro, 300 - Miramar, João Pessoa - PB, 58032-101, Brazil","{'friday': '9am–6pm', 'saturday': 'Closed', 'sunday': 'Closed', 'monday': '9am–6pm', 'tuesday': '9am–6pm', 'wednesday': '9am–6pm', 'thursday': '9am–6pm'}",+55 83 3034-4058,http://www.facebook.com/tainaandradearquitetura,
28,FABÍOLA DUARTE ARQUITETURA,5.0,4.0,Architect,"R. Enfermeira Ana Maria Barbosa de Almeida, 164 - Sala 5 - Jardim Cidade Universitária, João Pessoa - PB, 58052-270, Brazil","{'friday': '9am–5pm', 'saturday': 'Closed', 'sunday': 'Closed', 'monday': '9am–5pm', 'tuesday': '9am–5pm', 'wednesday': 'Closed', 'thursday': '9am–5pm'}",+55 83 98790-3404,https://fabioladuartearquitetura.negocio.site/?utm_source=gmb&utm_medium=referral,
29,wk + raul lins | Arquitetura & Engenharia | João Pessoa,5.0,2.0,Architect,"Avenida João Cirilo da Silva, Altiplex José Olímpio, 221 - Cabo Branco, João Pessoa - PB, 58046-005, Brazil","{'friday': '8am–6pm', 'saturday': '8am–2pm', 'sunday': 'Closed', 'monday': '8am–6pm', 'tuesday': '8am–6pm', 'wednesday': '8am–6pm', 'thursday': '8am–6pm'}",+55 81 98716-3181,http://www.wkrl.com.br/,
30,MOOV Arquitetura e Engenharia,5.0,2.0,Architect,"Rua Walfredo Macedo Brandão, 328 - Sala 105 - Anatólia, João Pessoa - PB, 58052-200, Brazil","{'friday': '9am–8pm', 'saturday': 'Closed', 'sunday': 'Closed', 'monday': '9am–8pm', 'tuesday': '9am–8pm', 'wednesday': '9am–8pm', 'thursday': '9am–8pm'}",+55 83 99604-4111,https://moovarquiteturaengenharia.com.br/,
31,Amanda Cruz arquitetura + Interiores,5.0,1.0,Architect,"R. Antônio Rabelo Júnior, 161 - Miramar, João Pessoa - PB, 58032-090, Brazil","{'friday': '9am–6pm', 'saturday': 'Closed', 'sunday': 'Closed', 'monday': '9am–6pm', 'tuesday': '9am–6pm', 'wednesday': '9am–6pm', 'thursday': '9am–6pm'}",+55 83 99633-4121,,
32,Adrien Wensel - Arquitetura e interiores,5.0,7.0,Interior architect office,,"{'friday': '9am–6pm', 'saturday': '9am–1pm', 'sunday': 'Closed', 'monday': '9am–6pm', 'tuesday': '9am–6pm', 'wednesday': '9am–6pm', 'thursday': '9am–6pm'}",+55 83 99416-3724,https://www.instagram.com/adrienwensel.arq/,
33,Tayrone Chianca - Arquitetura e interiores,5.0,1.0,Architect,"R. Bancário Sérgio Guerra, 47 - 2º Andar - Bancários, João Pessoa - PB, 58052-000, Brazil","{'friday': '9am–6pm', 'saturday': 'Closed', 'sunday': 'Closed', 'monday': '9am–6pm', 'tuesday': '9am–6pm', 'wednesday': '9am–6pm', 'thursday': '9am–6pm'}",+55 83 98808-1515,https://www.instagram.com/tayronearquiteto/,
34,Katharina Ayres Arquitetura,4.8,4.0,Architect,"R. Leonel Coelho, 339 - Pedro Gondim, João Pessoa - PB, 58031-050, Brazil","{'friday': '9am–5pm', 'saturday': 'Closed', 'sunday': 'Closed', 'monday': '9am–6pm', 'tuesday': '9am–6pm', 'wednesday': '8:30am–6pm', 'thursday': '9am–6pm'}",+55 83 98811-7070,http://business.google.com/website/katharina-ayres-arquitetura,
35,Abstract Arquitetura,5.0,1.0,Architect,,"{'friday': '8:30am–7pm', 'saturday': 'Closed', 'sunday': 'Closed', 'monday': '8:30am–7pm', 'tuesday': '8:30am–7pm', 'wednesday': '8:30am–7pm', 'thursday': '8:30am–7pm'}",+55 83 99675-2525,,
36,CIBELLI GOMES | ARQUITETURA,5.0,1.0,Architect,"Av. Sen. Ruy Carneiro, 300 - Tambaú, João Pessoa - PB, 58039-181, Brazil","{'friday': '9am–7pm', 'saturday': 'Closed', 'sunday': 'Closed', 'monday': '9am–7pm', 'tuesday': '9am–7pm', 'wednesday': '9am–7pm', 'thursday': '9am–7pm'}",+55 83 99988-7695,,
37,Marb arquitetura e design,5.0,1.0,Architect,"Av. Sen. Ruy Carneiro, 115 - Brisamar, João Pessoa - PB, 58032-100, Brazil","{'friday': '8am–12pm', 'saturday': 'Closed', 'sunday': 'Closed', 'monday': '8am–12pm', 'tuesday': '8am–12pm', 'wednesday': '8am–12pm', 'thursday': '8am–12pm'}",+55 83 98894-8709,,
38,CRN arquitetura,5.0,19.0,Architects association,"Torre Sul, Duo Corporate Towers Rua Emp. Clovis Rolim, 2051 - Brisamar, Sala 602 - Pedro Gondim, João Pessoa - PB, 58033-454, Brazil","{'friday': '8am–6pm', 'saturday': 'Closed', 'sunday': 'Closed', 'monday': '8am–6pm', 'tuesday': '8am–6pm', 'wednesday': '8am–6pm', 'thursday': '8am–6pm'}",+55 83 99305-3159,http://crn.arq.br/,
39,Débora Julinda Arquitetura e Interiores,5.0,2.0,Architect,"Av. Pres. Epitácio Pessoa, 4840 - Cabo Branco, João Pessoa - PB, 58045-000, Brazil",,+55 83 3247-2971,http://www.deborajulinda.com/,
40,Débora Julinda Arquitetura e Interiores,5.0,2.0,Architect,"Av. Pres. Epitácio Pessoa, 4840 - Cabo Branco, João Pessoa - PB, 58045-000, Brazil",,+55 83 3247-2971,http://www.deborajulinda.com/,
41,Donzarq Arquitetura,5.0,3.0,Architect,"R. Josita Almeida, 240 - Altiplano Cabo Branco, João Pessoa - PB, 58046-490, Brazil","{'friday': '8am–6pm', 'saturday': 'Closed', 'sunday': 'Closed', 'monday': '8am–6pm', 'tuesday': '8am–6pm', 'wednesday': '8am–6pm', 'thursday': '8am–6pm'}",+55 83 99385-7713,https://conteudo.donzarq.com.br/donzarqarquitetura,
42,Nathalia Lima -Arquitetura e Urbanismo,5.0,2.0,Architect,"Av. Mato Grosso - Estados,828, 58030-080. Sala 02, João Pessoa - PB, Brazil","{'friday': '9am–5pm', 'saturday': 'Closed', 'sunday': 'Closed', 'monday': '9am–5pm', 'tuesday': '9am–5pm', 'wednesday': '9am–5pm', 'thursday': '9am–5pm'}",+55 83 98804-0787,https://www.instagram.com/nathalia_lima_arqui/,
43,Brava Arquitetura,5.0,1.0,Architect,"Ed. Evolution Business Center, Av. Rio Grande do Sul, 1345 - Estados, João Pessoa - PB, 58030-020, Brazil","{'friday': '7:30am–8pm', 'saturday': '7:30am–2pm', 'sunday': 'Closed', 'monday': '7:30am–8pm', 'tuesday': '7:30am–8pm', 'wednesday': '7:30am–8pm', 'thursday': '7:30am–8pm'}",+55 83 99858-2553,http://www.instagram.com/brava.arq,
44,Allysandra Delmas Arquitetura & Interiores,5.0,1.0,Architect,"Edifício Phoenix, Av. Sen. Ruy Carneiro, 33 - 208 - Tambauzinho, João Pessoa - PB, 58032-101, Brazil",,+55 83 3244-8086,http://allysandra.com.br/,
45,Luisa Maroja Arquitetura,5.0,4.0,Architect,"Av. Cabo Branco - Cabo Branco, João Pessoa - PB, 58045-010, Brazil",,+55 83 99106-7953,,
46,Jailton Jales Arquitetura Ltda,5.0,8.0,Architecture firm,"Empresarial Daterra Office, Av. Acre, 446 - 203 - Estados, João Pessoa - PB, 58030-230, Brazil","{'friday': '8am–12pm', 'saturday': 'Closed', 'sunday': 'Closed', 'monday': '8am–12pm', 'tuesday': '8am–12pm', 'wednesday': '8am–12pm', 'thursday': '8am–12pm'}",+55 83 3576-8949,http://jjales.com.br/,
47,Arq-i Arquitetura e Iluminação Ltda,5.0,1.0,Architect,"Av. Pres. Epitácio Pessoa, 475 - Estados, João Pessoa - PB, 58030-001, Brazil","{'friday': '9am–6pm', 'saturday': 'Closed', 'sunday': 'Closed', 'monday': '9am–6pm', 'tuesday': '9am–6pm', 'wednesday': '9am–6pm', 'thursday': '9am–6pm'}",+55 83 99144-0583,,
48,Lucas Lustosa | Arquitetura e Interiores,5.0,1.0,Interior architect office,"Av. Rio Grande do Sul, 1345, Ed. Evolution Business Center, 2 andar Sala 210, Estados, João Pessoa - PB, 58030-021, Brazil","{'friday': '9am–5pm', 'saturday': 'Closed', 'sunday': 'Closed', 'monday': '9am–5pm', 'tuesday': '9am–5pm', 'wednesday': '9am–5pm', 'thursday': '9am–5pm'}",+55 83 98743-5403,http://www.instagram.com/lucas.arquitetura,
49,Fernanda Barros Arquitetura,,,Architect,"Edifício Eco Business Center, Rua Antônio Rabelo Júnior, 161, Tambaú, Sala 906 - 9º Andar - Miramar, João Pessoa - PB, 58032-090, Brazil","{'friday': '8am–12pm', 'saturday': 'Closed', 'sunday': 'Closed', 'monday': '8am–12pm', 'tuesday': '8am–12pm', 'wednesday': '8am–12pm', 'thursday': '8am–12pm'}",+55 83 3508-8008,http://www.fernandabarrosarq.com.br/,
50,Rafaela Galdino Arquitetura,,,Architect,"R. Manoel Belarmino de Macedo - Lot. Cidade Universitaria, João Pessoa - PB, 58052-290, Brazil","{'friday': '9am–7pm', 'saturday': '9:30am–5:30pm', 'sunday': 'Closed', 'monday': '9am–7pm', 'tuesday': '9am–7pm', 'wednesday': '9am–7pm', 'thursday': '9am–7pm'}",+55 83 99615-9456,https://rafaela-galdino-arquitetura.ueniweb.com/?utm_campaign=gmb,
51,AC.Arquitetura,4.2,6.0,Corporate office,"Edifício Atlantis Home Service, Av. Monsenhor Odilon Coutinho, 191 - Cabo Branco, João Pessoa - PB, 58045-120, Brazil",,,,
52,PONTO3 ARQUITETURA,4.5,2.0,Architect,"Av. Silvino Chaves, 360 - Manaíra, João Pessoa - PB, 58038-420, Brazil","{'friday': '8am–6pm', 'saturday': 'Closed', 'sunday': 'Closed', 'monday': '8am–6pm', 'tuesday': '8am–6pm', 'wednesday': '8am–6pm', 'thursday': '8am–6pm'}",+55 83 3021-7189,,
53,Milena Régis Arquitetura + Interiores,,,Architect,"Av. Ruy Carneiro, 33 Empresarial Phoenix, sala 113, Miramar, João Pessoa - PB, 58032-101, Brazil",,+55 83 98105-2834,,
54,Welington Barbosa Arquitetura,,,Architect,"EcoBusiness Center, R. Antônio Rabelo Júnior, 161 - Sl. 2108 - Miramar, João Pessoa - PB, 58032-090, Brazil","{'friday': '9am–7pm', 'saturday': 'Closed', 'sunday': 'Closed', 'monday': '9am–7pm', 'tuesday': '9am–7pm', 'wednesday': '9am–7pm', 'thursday': '9am–7pm'}",+55 83 99129-5362,,
55,Layout Arquitetura,,,Architect,"Condomínio Edifício Wal Car, Av. Pres. Epitácio Pessoa, 3014 - Tambauzinho, João Pessoa - PB, 58045-000, Brazil",,+55 83 98888-0113,https://layout-arquitetura.negocio.site/,
56,Anarquitetos | Estúdio de Arquitetura & Design,5.0,4.0,Architect,"R. Bananeiras, 361 - Sala 101 - Manaíra, João Pessoa - PB, 58038-170, Brazil","{'friday': '8am–12pm', 'saturday': '8am–12pm', 'sunday': 'Closed', 'monday': '8am–12pm', 'tuesday': '8am–12pm', 'wednesday': '8am–12pm', 'thursday': '8am–12pm'}",+55 83 99922-0474,https://www.anarquitetos.com.br/,
57,ECB Arquitetura,,,Architect,"Rua Antônio Rabelo Júnior,161 Eco Business Center, Sala 1711 - Miramar, João Pessoa - PB, 58032-090, Brazil","{'friday': '9am–6pm', 'saturday': 'Closed', 'sunday': 'Closed', 'monday': '9am–6pm', 'tuesday': '9am–6pm', 'wednesday': '9am–6pm', 'thursday': '9am–6pm'}",+55 83 98889-2561,,
58,Danilo Alves - Arquitetura e Interiores,,,Interior architect office,"R. Empresário João Rodrigues Alves, 125 - Bancários, João Pessoa - PB, 58051-022, Brazil","{'friday': '8am–7pm', 'saturday': '8am–7pm', 'sunday': 'Closed', 'monday': '8am–7pm', 'tuesday': '8am–7pm', 'wednesday': '8am–7pm', 'thursday': '8am–7pm'}",+55 83 98717-3630,https://daniloalvesarq.wixsite.com/arquitetura,
59,Beatriz Cavalcanti - Arquitetura | Interiores,,,Architect,"Av. Rio Grande do Sul, 1345 - Estados, João Pessoa - PB, 58030-021, Brazil","{'friday': '9am–6pm', 'saturday': 'Closed', 'sunday': 'Closed', 'monday': '9am–6pm', 'tuesday': '9am–6pm', 'wednesday': '9am–6pm', 'thursday': '9am–6pm'}",+55 83 98807-2512,,
60,Lais Morais Arquitetura,5.0,1.0,Architect,"R. Nossa Sra. dos Navegantes, 521 - Sala 403 - Tambaú, João Pessoa - PB, 58039-000, Brazil","{'friday': '8AM–12PM', 'saturday': 'Closed', 'sunday': 'Closed', 'monday': '8AM–12PM', 'tuesday': '8AM–12PM', 'wednesday': '8AM–12PM', 'thursday': '8AM–12PM'}",+55 83 98787-2728,https://instagram.com/laismoraisarquitetura?igshid=rtyo18g9ognu,
61,ECB Arquitetura,,,Architect,"Rua Antônio Rabelo Júnior,161 Eco Business Center, Sala 1711 - Miramar, João Pessoa - PB, 58032-090, Brazil","{'friday': '9AM–6PM', 'saturday': 'Closed', 'sunday': 'Closed', 'monday': '9AM–6PM', 'tuesday': '9AM–6PM', 'wednesday': '9AM–6PM', 'thursday': '9AM–6PM'}",+55 83 98889-2561,,
62,Beatriz Cavalcanti - Arquitetura | Interiores,,,Architect,"Av. Rio Grande do Sul, 1345 - Estados, João Pessoa - PB, 58030-021, Brazil","{'friday': '9AM–6PM', 'saturday': 'Closed', 'sunday': 'Closed', 'monday': '9AM–6PM', 'tuesday': '9AM–6PM', 'wednesday': '9AM–6PM', 'thursday': '9AM–6PM'}",+55 83 98807-2512,,
63,Jean Barreto Arquitetura,,,Architect,"R. Dr. Antônio Palitot, n 151 - Bancários, João Pessoa - PB, 58051-780, Brazil","{'friday': '8AM–6PM', 'saturday': 'Closed', 'sunday': 'Closed', 'monday': '8AM–6PM', 'tuesday': '8AM–6PM', 'wednesday': '8AM–6PM', 'thursday': '8AM–6PM'}",+55 83 99634-0223,https://jean-barreto-arquitetura.negocio.site/?utm_source=gmb&utm_medium=referral,
64,Escritório De Arquitetura E Engenharia - Traço Sá,5.0,4.0,Architect,"Av. Pombal - Manaíra, João Pessoa - PB, 58038-242, Brazil","{'friday': '9AM–5PM', 'saturday': 'Closed', 'sunday': 'Closed', 'monday': '9AM–5PM', 'tuesday': '9AM–5PM', 'wednesday': '9AM–5PM', 'thursday': '9AM–5PM'}",+55 83 99630-0578,https://traco-sa.negocio.site/?utm_source=gmb&utm_medium=referral,
65,Danilo Alves - Arquitetura e Interiores,,,Interior architect office,"R. Empresário João Rodrigues Alves, 125 - Bancários, João Pessoa - PB, 58051-022, Brazil","{'friday': '8AM–7PM', 'saturday': '8AM–7PM', 'sunday': 'Closed', 'monday': '8AM–7PM', 'tuesday': '8AM–7PM', 'wednesday': '8AM–7PM', 'thursday': '8AM–7PM'}",+55 83 98717-3630,https://daniloalvesarq.wixsite.com/arquitetura,
66,MK Arquitetura e Associados,5.0,3.0,Architect,"DCT - Duo Corporate Towers, R. Empresário Clóvis Rolim, 2051 - Bairro dos Ipês, João Pessoa - PB, 58033-454, Brazil","{'friday': '8AM–12PM', 'saturday': 'Closed', 'sunday': 'Closed', 'monday': '8AM–12PM', 'tuesday': '8AM–12PM', 'wednesday': '8AM–12PM', 'thursday': '8AM–12PM'}",+55 83 99342-3106,http://www.mkarquitetura.com.br/,
67,TR Queiroga Arquitetura,,,Architect,"Av. Sen. Ruy Carneiro, 300 - Sala 508 - Miramar, João Pessoa - PB, 58032-101, Brazil","{'friday': '8AM–4PM', 'saturday': 'Closed', 'sunday': 'Closed', 'monday': '8AM–6PM', 'tuesday': '8AM–6PM', 'wednesday': '8AM–6PM', 'thursday': '8AM–6PM'}",+55 83 3244-5002,http://www.trqueiroga.com/,
68,Lucas Lustosa | Arquitetura e Interiores,5.0,1.0,Interior architect office,"Av. Rio Grande do Sul, 1345, Ed. Evolution Business Center, 2 andar Sala 210, Estados, João Pessoa - PB, 58030-021, Brazil","{'friday': '9AM–5PM', 'saturday': 'Closed', 'sunday': 'Closed', 'monday': '9AM–5PM', 'tuesday': '9AM–5PM', 'wednesday': '9AM–5PM', 'thursday': '9AM–5PM'}",+55 83 98743-5403,http://www.instagram.com/lucas.arquitetura,
69,Risque Projetos: Arquitetura e Engenharia.,,,Architect,"R. Mauro Moura Machado - José Américo de Almeida, João Pessoa - PB, 58074-100, Brazil","{'friday': '8AM–6PM', 'saturday': '8AM–12PM', 'sunday': 'Closed', 'monday': '8AM–6PM', 'tuesday': '8AM–6PM', 'wednesday': '8AM–6PM', 'thursday': '8AM–6PM'}",+55 83 99878-6846,http://www.risqueprojetos.com.br/,
70,COLESI ARQUITETURA,,,Architect,"R. Isaura Silveira Lira - Água Fria, João Pessoa - PB, 58053-012, Brazil",,,,
71,Bittencourt Arquitetura,,,Architect,"58032-101, Av. Sen. Ruy Carneiro, 300 - Tambaú, João Pessoa - PB, 58039-181, Brazil","{'friday': '9AM–6PM', 'saturday': 'Closed', 'sunday': 'Closed', 'monday': '9AM–6PM', 'tuesday': '9AM–6PM', 'wednesday': '9AM–6PM', 'thursday': '9AM–6PM'}",+55 83 99302-3133,,
72,CRN arquitetura,5.0,19.0,Architects association,"Torre Sul, Duo Corporate Towers Rua Emp. Clovis Rolim, 2051 - Brisamar, Sala 602 - Pedro Gondim, João Pessoa - PB, 58033-454, Brazil","{'friday': '8AM–6PM', 'saturday': 'Closed', 'sunday': 'Closed', 'monday': '8AM–6PM', 'tuesday': '8AM–6PM', 'wednesday': '8AM–6PM', 'thursday': '8AM–6PM'}",+55 83 99305-3159,http://crn.arq.br/,
73,Thabata e Raquel Arquitetura,5.0,1.0,Architect,"Av. Bahia, 530 - Estados, João Pessoa - PB, 58030-130, Brazil",,+55 83 98888-9608,,
74,Adrien Wensel - Arquitetura e interiores,5.0,7.0,Interior architect office,,"{'friday': '9AM–6PM', 'saturday': '9AM–1PM', 'sunday': 'Closed', 'monday': '9AM–6PM', 'tuesday': '9AM–6PM', 'wednesday': '9AM–6PM', 'thursday': '9AM–6PM'}",+55 83 99416-3724,https://www.instagram.com/adrienwensel.arq/,
75,Marina Ataíde Arquitetura,5.0,1.0,Architect,"Shopping Pátio R. Poe. Targino Teixeira, 251 ,Altiplano Cabo Branco, 1º andar, Sala 19 - Altiplano, João Pessoa - PB, 58046-090, Brazil","{'friday': '9AM–6PM', 'saturday': 'Closed', 'sunday': 'Closed', 'monday': '9AM–6PM', 'tuesday': '9AM–6PM', 'wednesday': '9AM–6PM', 'thursday': '9AM–6PM'}",+55 83 98702-6978,https://marina-ataide-arquitetura.negocio.site/?utm_source=gmb&utm_medium=referral,
76,Bianca Sena Arquitetura,,,Architect,,"{'friday': '8AM–6PM', 'saturday': 'Closed', 'sunday': 'Closed', 'monday': '8AM–6PM', 'tuesday': '8AM–6PM', 'wednesday': '8AM–6PM', 'thursday': '8AM–6PM'}",+55 83 99865-2022,https://biatarsena.wixsite.com/meusite,
77,Priscilla Matos Arquitetura,,,Architect,"R. Antônio Rabelo Júnior, 161 - Miramar, João Pessoa - PB, 58032-080, Brazil","{'friday': '8AM–6PM', 'saturday': 'Closed', 'sunday': 'Closed', 'monday': '8AM–6PM', 'tuesday': '8AM–6PM', 'wednesday': '8AM–6PM', 'thursday': '8AM–6PM'}",+55 83 99991-3897,,
78,Brenda Pitas Arquitetura,,,Architect,"R. Dr. Antônio Palitot, 91 - Bancários, João Pessoa - PB, 58051-780, Brazil","{'friday': '9AM–6PM', 'saturday': 'Closed', 'sunday': 'Closed', 'monday': '9AM–6PM', 'tuesday': '9AM–6PM', 'wednesday': '9AM–6PM', 'thursday': '9AM–6PM'}",+55 83 99996-7040,http://www.instagram.com/brendapitas.arq,
79,Dito Arquitetura,,,Architect,"Techne Mall, R. Hilda Coutinho Lucena, 56 - Sala 20 - Miramar, João Pessoa - PB, 58043-110, Brazil","{'friday': '9AM–7PM', 'saturday': '9AM–1PM', 'sunday': 'Closed', 'monday': '9AM–7PM', 'tuesday': '9AM–7PM', 'wednesday': '9AM–7PM', 'thursday': '9AM–7PM'}",+55 83 99902-0333,,
80,Arquiarte pb,4.9,84.0,Copy shop,"Empresarial Gênesis, Av. Monteiro da Franca, 520 - Sala 4 - Manaíra, João Pessoa - PB, 58015-680, Brazil","{'friday': '8am–6pm', 'saturday': 'Closed', 'sunday': 'Closed', 'monday': '8am–6pm', 'tuesday': '8am–6pm', 'wednesday': '8am–6pm', 'thursday': '8am–6pm'}",+55 83 3226-8010,https://www.instagram.com/arquiarte_pb/,
81,Débora Barreto Arquitetura,,,Architect,"Rua Ana Guedes de Vasconcelos, 81, Sala 805B - Altiplano Cabo Branco, João Pessoa - PB, 58046-092, Brazil","{'friday': '9am–6pm', 'saturday': 'Closed', 'sunday': 'Closed', 'monday': '9am–6pm', 'tuesday': '9am–6pm', 'wednesday': '9am–6pm', 'thursday': '9am–6pm'}",+55 83 98105-8440,,
82,2:1 Arquitetura & Interiores,,,Architect,"Av. Piauí, 333 - sl. 202 - Estados, João Pessoa - PB, 58033-331, Brazil","{'friday': '9am–5pm', 'saturday': 'Closed', 'sunday': 'Closed', 'monday': '9am–5pm', 'tuesday': '9am–5pm', 'wednesday': '9am–5pm', 'thursday': '9am–5pm'}",+55 83 3512-2112,,
83,Artestudio Revista AE,4.5,4.0,Publisher,"R. Dep. Tertuliano de Brito, 348 - Estados, João Pessoa - PB, 58030-044, Brazil","{'friday': '9am–12pm', 'saturday': 'Closed', 'sunday': 'Closed', 'monday': '9am–12pm', 'tuesday': '9am–12pm', 'wednesday': '9am–12pm', 'thursday': '9am–12pm'}",+55 83 3021-8308,https://linktr.ee/revistaae,"""... possui muitos conteúdos sobre arquitetura, projetos de arquitetura ..."""
84,VA Arquitetura,5.0,1.0,Architects association,"Av. Alm. Barroso, 438 - sala 212 - Centro, João Pessoa - PB, 58013-120, Brazil","{'friday': '9am–7pm', 'saturday': 'Closed', 'sunday': 'Closed', 'monday': '9am–7pm', 'tuesday': '9am–7pm', 'wednesday': '9am–7pm', 'thursday': '9am–7pm'}",+55 83 3035-8102,,
85,Ana Sybelle Arquitetura,,,Architect,"R. Ana Guedes Vasconcelos, 81 - Altiplano Cabo Branco, João Pessoa - PB, 58046-092, Brazil","{'friday': '9am–6pm', 'saturday': 'Closed', 'sunday': 'Closed', 'monday': '9am–6pm', 'tuesday': '9am–6pm', 'wednesday': '9am–6pm', 'thursday': '9am–6pm'}",+55 83 3508-6711,http://www.anasybellearquitetura.com.br/,
86,Annelise Lacerda - Arquitetura,4.0,1.0,Corporate office,"7-347 PBR., R. Juíz Ovídio Gouvêia, 32 - Pedro Gondim, João Pessoa - PB, Brazil","{'friday': '8am–6pm', 'saturday': 'Closed', 'sunday': 'Closed', 'monday': '8am–6pm', 'tuesday': '8am–6pm', 'wednesday': '8am–6pm', 'thursday': '8am–6pm'}",+55 83 99900-4114,,
87,Maria Pontes | Arquitetura e Paisagismo,5.0,1.0,Landscape architect,"R. Geraldo Porto - Brisamar, João Pessoa - PB, 58033-020, Brazil","{'friday': '7am–7pm', 'saturday': '7am–7pm', 'sunday': 'Closed', 'monday': '7am–7pm', 'tuesday': '7am–7pm', 'wednesday': '7am–7pm', 'thursday': '7am–7pm'}",+55 83 99690-9531,https://estudiodomani.negocio.site/?utm_source=gmb&utm_medium=referral,
88,Rafaella Viana Arquitetura,,,Architect,"Shopping Pátio, R. Poe. Targino Teixeira, 251 - 1º andar, Sala 19 - Altiplano Cabo Branco, João Pessoa - PB, 58046-090, Brazil",,+55 83 98894-3179,https://www.instagram.com/rafaellavianaarquitetura/,
89,Larissa Maciel Arquitetura,5.0,1.0,Interior architect office,"Rua Põe. Targino, 251 Shopping Pátio, Sala 20 - Altiplano Cabo Branco, João Pessoa - PB, 58046-090, Brazil","{'friday': '8am–6pm', 'saturday': '9:30am–1pm', 'sunday': 'Closed', 'monday': '8am–6pm', 'tuesday': '8am–6pm', 'wednesday': '8am–6pm', 'thursday': '8am–6pm'}",,,
90,Lorena Fernandes e Niara Formiga - Arquitetura e Urbanismo,5.0,1.0,Architect,"Edf. Comercial Borba, Av. Esperança, 1000 - Sala 211 - Manaíra, João Pessoa - PB, 58038-281, Brazil","{'friday': '2–6pm', 'saturday': 'Closed', 'sunday': 'Closed', 'monday': '2–6pm', 'tuesday': '2–6pm', 'wednesday': '2–6pm', 'thursday': '2–6pm'}",+55 83 98787-6502,,
91,AMN Arquitetura,,,Interior architect office,"R. Hilda Coutinho Lucena, 74 - Sala 15 - Miramar, João Pessoa - PB, 58043-110, Brazil","{'friday': '9am–5pm', 'saturday': 'Closed', 'sunday': 'Closed', 'monday': '9am–5pm', 'tuesday': '9am–5pm', 'wednesday': '9am–5pm', 'thursday': '9am–5pm'}",+55 83 98862-7694,,
92,Arquitetura do Olhar,4.5,2.0,Health and beauty shop,"Rua Comerciante Alfredo Ferreira da Rocha, 977 - Mangabeira I, João Pessoa - PB, 58055-540, Brazil","{'friday': '9am–12pm', 'saturday': '9am–12pm', 'sunday': 'Closed', 'monday': 'Closed', 'tuesday': '9am–12pm', 'wednesday': '9am–12pm', 'thursday': '9am–12pm'}",+55 83 98817-2180,,
93,Mayara Luna Arquitetura e Interiores,,,Interior architect office,,"{'friday': '8am–6pm', 'saturday': 'Closed', 'sunday': 'Closed', 'monday': '8am–6pm', 'tuesday': '8am–6pm', 'wednesday': '8am–6pm', 'thursday': '8am–6pm'}",+55 83 98837-0592,,
94,Gabriela Bras - Arquitetura,,,Interior architect office,"Av. Sen. Ruy Carneiro, 300 - Sala 206 - 2 andar - Brisamar, João Pessoa - PB, 58032-101, Brazil","{'friday': '8am–6pm', 'saturday': 'Closed', 'sunday': 'Closed', 'monday': '8am–6pm', 'tuesday': '8am–6pm', 'wednesday': '8am–6pm', 'thursday': '8am–6pm'}",+55 83 99156-6015,https://gabriela-bras-arquitetura.negocio.site/?utm_source=gmb&utm_medium=referral,
95,Adriana Leal Arquitetura,5.0,2.0,Architect,,"{'friday': '8am–6pm', 'saturday': '8am–6pm', 'sunday': '8am–6pm', 'monday': '8am–6pm', 'tuesday': '8am–6pm', 'wednesday': '8am–6pm', 'thursday': '8am–6pm'}",+55 83 98805-2987,https://adrianaarquiteta.com.br/,
96,MB ARQUITETURA & INTERIORES,5.0,1.0,Interior architect office,"Av. Monteiro da Franca, 215 - Sala 301 - Manaíra, João Pessoa - PB, 58014-120, Brazil","{'friday': '9am–5pm', 'saturday': 'Closed', 'sunday': 'Closed', 'monday': '9am–5pm', 'tuesday': '9am–5pm', 'wednesday': '9am–5pm', 'thursday': '9am–5pm'}",+55 83 99101-9153,http://www.instagram.com/arquitetura.mb,
97,FELIPE FREITAS ARQUITETO,5.0,1.0,Architect,"R. Nossa Sra. dos Navegantes - Tambaú, João Pessoa - PB, 58039-110, Brazil",,+55 83 98811-2630,,
98,F.CABRAL ARQUITETURA,5.0,3.0,Architecture firm,"Av. Euzely Fabrício de Souza, 279 - Manaíra, João Pessoa - PB, 58032-100, Brazil","{'friday': '8am–5pm', 'saturday': 'Closed', 'sunday': 'Closed', 'monday': '8am–6pm', 'tuesday': '8am–6pm', 'wednesday': '8am–6pm', 'thursday': '8am–6pm'}",+55 83 99110-6574,http://fcabralarquitetura.com.br/,
99,Tacto Arquitetura,,,Architect,"R. Nossa Sra. dos Navegantes, 415 - sala 112 - Tambaú, João Pessoa - PB, 58039-111, Brazil","{'friday': '1–6pm', 'saturday': 'Closed', 'sunday': 'Closed', 'monday': '1–6pm', 'tuesday': '1–6pm', 'wednesday': '1–6pm', 'thursday': '1–6pm'}",+55 83 3035-1080,,
100,Mayara Luna Arquitetura e Interiores,,,Interior architect office,,"{'friday': '8AM–6PM', 'saturday': 'Closed', 'sunday': 'Closed', 'monday': '8AM–6PM', 'tuesday': '8AM–6PM', 'wednesday': '8AM–6PM', 'thursday': '8AM–6PM'}",+55 83 98837-0592,,
101,MB ARQUITETURA & INTERIORES,5.0,1.0,Interior architect office,"Av. Monteiro da Franca, 215 - Sala 301 - Manaíra, João Pessoa - PB, 58014-120, Brazil","{'friday': '9AM–5PM', 'saturday': 'Closed', 'sunday': 'Closed', 'monday': '9AM–5PM', 'tuesday': '9AM–5PM', 'wednesday': '9AM–5PM', 'thursday': '9AM–5PM'}",+55 83 99101-9153,http://www.instagram.com/arquitetura.mb,
102,Suellen Montenegro Arquitetura e Interiores,5.0,1.0,Interior designer,"Av. São Paulo, 1223 - Estados, João Pessoa - PB, 58030-040, Brazil",,+55 83 99961-4250,http://suellenmontenegro.com/,
103,SOLUTIO - Arquitetura e Assessoria para Posto de Combustível,5.0,3.0,Architect,"LIV Mall, https://solutio.srv.br, Av. Gov. Flávio Ribeiro Coutinho, 500 - Sala 731 - Jardim Oceania, João Pessoa - PB, 58037-005, Brazil","{'friday': '8AM–6PM', 'saturday': 'Closed', 'sunday': 'Closed', 'monday': '8AM–6PM', 'tuesday': '8AM–6PM', 'wednesday': '8AM–6PM', 'thursday': '8AM–6PM'}",+55 83 99982-5646,http://solutio.srv.br/,
104,Maria Pontes | Arquitetura e Paisagismo,5.0,1.0,Landscape architect,"R. Geraldo Porto - Brisamar, João Pessoa - PB, 58033-020, Brazil","{'friday': '7AM–7PM', 'saturday': '7AM–7PM', 'sunday': 'Closed', 'monday': '7AM–7PM', 'tuesday': '7AM–7PM', 'wednesday': '7AM–7PM', 'thursday': '7AM–7PM'}",+55 83 99690-9531,https://estudiodomani.negocio.site/?utm_source=gmb&utm_medium=referral,
105,Annelise Lacerda - Arquitetura,4.0,1.0,Corporate office,"7-347 PBR., R. Juíz Ovídio Gouvêia, 32 - Pedro Gondim, João Pessoa - PB, Brazil","{'friday': '8AM–6PM', 'saturday': 'Closed', 'sunday': 'Closed', 'monday': '8AM–6PM', 'tuesday': '8AM–6PM', 'wednesday': '8AM–6PM', 'thursday': '8AM–6PM'}",+55 83 99900-4114,,
106,VA Arquitetura,5.0,1.0,Architects association,"Av. Alm. Barroso, 438 - sala 212 - Centro, João Pessoa - PB, 58013-120, Brazil","{'friday': '9AM–7PM', 'saturday': 'Closed', 'sunday': 'Closed', 'monday': '9AM–7PM', 'tuesday': '9AM–7PM', 'wednesday': '9AM–7PM', 'thursday': '9AM–7PM'}",+55 83 3035-8102,,
107,F.CABRAL ARQUITETURA,5.0,3.0,Architecture firm,"Av. Euzely Fabrício de Souza, 279 - Manaíra, João Pessoa - PB, 58032-100, Brazil","{'friday': '8AM–5PM', 'saturday': 'Closed', 'sunday': 'Closed', 'monday': '8AM–6PM', 'tuesday': '8AM–6PM', 'wednesday': '8AM–6PM', 'thursday': '8AM–6PM'}",+55 83 99110-6574,http://fcabralarquitetura.com.br/,
108,Kaline Nunes Arquitetura e Interiores,,,Architect,"Rod. Gov. Antonio Mariz, 2051, DCT, NewWorking, Lot. Oceania III, João Pessoa - PB, 58034-030, Brazil","{'friday': '9AM–7PM', 'saturday': 'Closed', 'sunday': 'Closed', 'monday': '9AM–7PM', 'tuesday': '9AM–7PM', 'wednesday': '9AM–7PM', 'thursday': '9AM–7PM'}",+55 83 99907-6000,,
109,ProjetoA cg - Arquitetura e Computação Gráfica,5.0,2.0,Architect,"Av. Gen. Edson Ramalho, 1225 - Sl.202 - Manaíra, João Pessoa - PB, 58056-002, Brazil","{'friday': '8AM–10PM', 'saturday': '8AM–10PM', 'sunday': '8AM–10PM', 'monday': '8AM–10PM', 'tuesday': '8AM–10PM', 'wednesday': '8AM–10PM', 'thursday': '8AM–10PM'}",+55 83 98862-5630,http://www.projetoacg.com/,
110,Arcup Arquitetura e Construção,,,Architect,,"{'friday': '9AM–5PM', 'saturday': 'Closed', 'sunday': 'Closed', 'monday': '9AM–5PM', 'tuesday': '9AM–5PM', 'wednesday': '9AM–5PM', 'thursday': '9AM–5PM'}",+55 83 99869-2262,http://arcuparquitetura.wixsite.com/arcup,
111,Renato Queiroga Arquitetura,,,Architect,"Av. Gen. Edson Ramalho, 1130 - Sala 205 - Manaíra, João Pessoa - PB, 58038-102, Brazil","{'friday': '8AM–6PM', 'saturday': 'Closed', 'sunday': 'Closed', 'monday': '8AM–6PM', 'tuesday': '8AM–6PM', 'wednesday': '8AM–6PM', 'thursday': '8AM–6PM'}",+55 83 98816-6641,,
112,Barbara Veiga Arquitetura & Design,,,Interior architect office,"Av. Pres. Epitácio Pessoa, 4840 - sala 407-408 - Cabo Branco, João Pessoa - PB, 58045-000, Brazil","{'friday': '8AM–12PM', 'saturday': 'Closed', 'sunday': 'Closed', 'monday': '8AM–12PM', 'tuesday': '8AM–12PM', 'wednesday': '8AM–12PM', 'thursday': '8AM–12PM'}",+55 83 99121-9014,,
113,Sara Fernandes Arquitetura,,,Architect,,"{'friday': '8AM–9PM', 'saturday': '8AM–6PM', 'sunday': 'Closed', 'monday': '8AM–9PM', 'tuesday': '8AM–9PM', 'wednesday': '8AM–9PM', 'thursday': '8AM–9PM'}",+55 83 98148-1004,,
114,Projetos de Arquitetura e Interiores | João Pessoa | Sylvanna Melo Rabêllo,5.0,1.0,Interior architect office,"R. José Brasilino Leite - Conj. Joao Agripino, João Pessoa - PB, 58034-000, Brazil","{'friday': '9AM–6PM', 'saturday': 'Closed', 'sunday': 'Closed', 'monday': '9AM–6PM', 'tuesday': '9AM–6PM', 'wednesday': '9AM–6PM', 'thursday': '9AM–6PM'}",+55 83 99909-8762,,
115,Arquiarte pb,4.9,84.0,Copy shop,"Empresarial Gênesis, Av. Monteiro da Franca, 520 - Sala 4 - Manaíra, João Pessoa - PB, 58015-680, Brazil","{'friday': '8AM–6PM', 'saturday': 'Closed', 'sunday': 'Closed', 'monday': '8AM–6PM', 'tuesday': '8AM–6PM', 'wednesday': '8AM–6PM', 'thursday': '8AM–6PM'}",+55 83 3226-8010,https://www.instagram.com/arquiarte_pb/,
116,Consultarq Consultoria de Arquitetura e Interiores Saudáveis,,,Interior architect office,"Rua Iolanda Eloy de Medeiros, 101 - Apto 1304 Bloco A - Água Fria, João Pessoa - PB, 58053-028, Brazil","{'friday': '8AM–7PM', 'saturday': '8AM–1PM', 'sunday': 'Closed', 'monday': '8AM–7PM', 'tuesday': '8AM–7PM', 'wednesday': '8AM–7PM', 'thursday': '8AM–7PM'}",+55 83 99831-4329,http://consultarq-consultoria-de-arquitetura.negocio.site/,
117,Arquitetura Ativa,,,Architect,"Praia Shopping, Av. Gov. Flávio Ribeiro Coutinho, 300 - Sl.202 - Manaíra, João Pessoa - PB, 58037-000, Brazil",,,,
118,Glendo D'Oliveira Arquitetura e Interiores,,,Interior architect office,"Av. Pres. Epitácio Pessoa, 955 - Estados, João Pessoa - PB, 58030-000, Brazil","{'friday': '8AM–6PM', 'saturday': '8AM–12PM', 'sunday': 'Closed', 'monday': '8AM–6PM', 'tuesday': '8AM–6PM', 'wednesday': '8AM–6PM', 'thursday': '8AM–6PM'}",+55 83 99977-9598,,
119,Fernanda Brunet Arquitetura,,,Interior architect office,"Condomínio Empresarial Imperator, Av. Pres. Epitácio Pessoa, 4840 - Sala 207 - Cabo Branco, João Pessoa - PB, 58045-000, Brazil","{'friday': '9AM–6PM', 'saturday': '9AM–12PM', 'sunday': 'Closed', 'monday': '9AM–6PM', 'tuesday': '9AM–6PM', 'wednesday': '9AM–6PM', 'thursday': '9AM–6PM'}",+55 83 3035-1432,,
120,Suellen Montenegro Arquitetura e Interiores,5.0,1.0,Interior designer,"Av. São Paulo, 1223 - Estados, João Pessoa - PB, 58030-040, Brazil",,+55 83 99961-4250,http://suellenmontenegro.com/,
121,Melissa e Deborah Arquitetura e Urbanismo,,,Architect,"Sólida Imóveis, Av. João Maurício, 33 - Manaíra, João Pessoa - PB, 58038-000, Brazil","{'friday': '9AM–6PM', 'saturday': 'Closed', 'sunday': 'Closed', 'monday': '9AM–6PM', 'tuesday': '9AM–6PM', 'wednesday': '9AM–6PM', 'thursday': '9AM–6PM'}",+55 83 99129-5000,https://www.instagram.com/melissaedeboraharquitetura/,
122,Renato Queiroga Arquitetura,,,Architect,"Av. Gen. Edson Ramalho, 1130 - Sala 205 - Manaíra, João Pessoa - PB, 58038-102, Brazil","{'friday': '8AM–6PM', 'saturday': 'Closed', 'sunday': 'Closed', 'monday': '8AM–6PM', 'tuesday': '8AM–6PM', 'wednesday': '8AM–6PM', 'thursday': '8AM–6PM'}",+55 83 98816-6641,,
123,Atilo’s Arquitetura,5.0,2.0,Architect,"Av. Pres. Castelo Branco, 738 - Castelo Branco, João Pessoa - PB, 58050-000, Brazil","{'friday': '9AM–12PM', 'saturday': 'Closed', 'sunday': 'Closed', 'monday': '9AM–12PM', 'tuesday': '9AM–12PM', 'wednesday': '9AM–12PM', 'thursday': '9AM–12PM'}",+55 83 99109-2137,,
124,Annelise Lacerda - Arquitetura,4.0,1.0,Corporate office,"7-347 PBR., R. Juíz Ovídio Gouvêia, 32 - Pedro Gondim, João Pessoa - PB, Brazil","{'friday': '8AM–6PM', 'saturday': 'Closed', 'sunday': 'Closed', 'monday': '8AM–6PM', 'tuesday': '8AM–6PM', 'wednesday': '8AM–6PM', 'thursday': '8AM–6PM'}",+55 83 99900-4114,,
125,Thaís Figueiredo Arquitetura e Gerenciamento,,,Architect,"Av. Guarabira, 1200 - sala 203 - Manaíra, João Pessoa - PB, 58038-142, Brazil","{'friday': '9AM–6PM', 'saturday': 'Closed', 'sunday': 'Closed', 'monday': '9AM–6PM', 'tuesday': '9AM–6PM', 'wednesday': '9AM–6PM', 'thursday': '9AM–6PM'}",+55 83 3566-2023,http://www.thaisfigueiredo.arq.br/,
126,Arcup Arquitetura e Construção,,,Architect,,"{'friday': '9AM–5PM', 'saturday': 'Closed', 'sunday': 'Closed', 'monday': '9AM–5PM', 'tuesday': '9AM–5PM', 'wednesday': '9AM–5PM', 'thursday': '9AM–5PM'}",+55 83 99869-2262,http://arcuparquitetura.wixsite.com/arcup,
127,Maria Pontes | Arquitetura e Paisagismo,5.0,1.0,Landscape architect,"R. Geraldo Porto - Brisamar, João Pessoa - PB, 58033-020, Brazil","{'friday': '7AM–7PM', 'saturday': '7AM–7PM', 'sunday': 'Closed', 'monday': '7AM–7PM', 'tuesday': '7AM–7PM', 'wednesday': '7AM–7PM', 'thursday': '7AM–7PM'}",+55 83 99690-9531,https://estudiodomani.negocio.site/?utm_source=gmb&utm_medium=referral,
128,VA Arquitetura,5.0,1.0,Architects association,"Av. Alm. Barroso, 438 - sala 212 - Centro, João Pessoa - PB, 58013-120, Brazil","{'friday': '9AM–7PM', 'saturday': 'Closed', 'sunday': 'Closed', 'monday': '9AM–7PM', 'tuesday': '9AM–7PM', 'wednesday': '9AM–7PM', 'thursday': '9AM–7PM'}",+55 83 3035-8102,,
129,Projetos de Arquitetura e Interiores | João Pessoa | Sylvanna Melo Rabêllo,5.0,1.0,Interior architect office,"R. José Brasilino Leite - Conj. Joao Agripino, João Pessoa - PB, 58034-000, Brazil","{'friday': '9AM–6PM', 'saturday': 'Closed', 'sunday': 'Closed', 'monday': '9AM–6PM', 'tuesday': '9AM–6PM', 'wednesday': '9AM–6PM', 'thursday': '9AM–6PM'}",+55 83 99909-8762,,
130,Arquiarte pb,4.9,84.0,Copy shop,"Empresarial Gênesis, Av. Monteiro da Franca, 520 - Sala 4 - Manaíra, João Pessoa - PB, 58015-680, Brazil","{'friday': '8AM–6PM', 'saturday': 'Closed', 'sunday': 'Closed', 'monday': '8AM–6PM', 'tuesday': '8AM–6PM', 'wednesday': '8AM–6PM', 'thursday': '8AM–6PM'}",+55 83 3226-8010,https://www.instagram.com/arquiarte_pb/,
131,Barbara Veiga Arquitetura & Design,,,Interior architect office,"Av. Pres. Epitácio Pessoa, 4840 - sala 407-408 - Cabo Branco, João Pessoa - PB, 58045-000, Brazil","{'friday': '8AM–12PM', 'saturday': 'Closed', 'sunday': 'Closed', 'monday': '8AM–12PM', 'tuesday': '8AM–12PM', 'wednesday': '8AM–12PM', 'thursday': '8AM–12PM'}",+55 83 99121-9014,,
132,Arquitetura Ativa,,,Architect,"Praia Shopping, Av. Gov. Flávio Ribeiro Coutinho, 300 - Sl.202 - Manaíra, João Pessoa - PB, 58037-000, Brazil",,,,
133,Valeska Almeida Arquitetura,,,Architect,"Av. Fernando Luiz Henriques dos Santos, 616 - Loja 1 - Jardim Oceania, João Pessoa - PB, 58037-051, Brazil","{'friday': '9AM–6PM', 'saturday': 'Closed', 'sunday': 'Closed', 'monday': '9AM–6PM', 'tuesday': '9AM–6PM', 'wednesday': '9AM–6PM', 'thursday': '9AM–6PM'}",+55 83 98208-7848,https://www.instagram.com/valeskaalmeidaarquiteta/,
134,Luksys Arquitetura,,,Architect,"Empresarial Julio Mesquita, Av. João Maurício, 1675 - Sala 303 - Manaíra, João Pessoa - PB, 58038-000, Brazil","{'friday': '8AM–12PM', 'saturday': 'Closed', 'sunday': 'Closed', 'monday': '8AM–12PM', 'tuesday': '8AM–12PM', 'wednesday': '8AM–12PM', 'thursday': '8AM–12PM'}",+55 83 3021-4095,http://www.luksysarquitetura.com.br/,
135,Eduardo and Marianna Architects,5.0,2.0,Architects association,"Rua Índio Arabutan, 212 Emp. Monte Fuji, sala 06 - Cabo Branco, João Pessoa - PB, 58045-040, Brazil","{'friday': '9AM–6PM', 'saturday': 'Closed', 'sunday': 'Closed', 'monday': '9AM–6PM', 'tuesday': '9AM–6PM', 'wednesday': '9AM–6PM', 'thursday': '9AM–6PM'}",+55 83 3031-3060,http://www.emarquitetos.com/,
136,Sara Fernandes Arquitetura,,,Architect,,"{'friday': '8AM–9PM', 'saturday': '8AM–6PM', 'sunday': 'Closed', 'monday': '8AM–9PM', 'tuesday': '8AM–9PM', 'wednesday': '8AM–9PM', 'thursday': '8AM–9PM'}",+55 83 98148-1004,,
137,Laís Pedrosa Arquitetura,,,Architect,"-1708, Av. Fernando Luiz Henriques dos Santos, 1570 - Jardim Oceania, João Pessoa - PB, 58037-051, Brazil","{'friday': '8AM–6PM', 'saturday': 'Closed', 'sunday': 'Closed', 'monday': '8AM–6PM', 'tuesday': '8AM–6PM', 'wednesday': '8AM–6PM', 'thursday': '8AM–6PM'}",,,
138,Fernanda Brunet Arquitetura,,,Interior architect office,"Condomínio Empresarial Imperator, Av. Pres. Epitácio Pessoa, 4840 - Sala 207 - Cabo Branco, João Pessoa - PB, 58045-000, Brazil","{'friday': '9AM–6PM', 'saturday': '9AM–12PM', 'sunday': 'Closed', 'monday': '9AM–6PM', 'tuesday': '9AM–6PM', 'wednesday': '9AM–6PM', 'thursday': '9AM–6PM'}",+55 83 3035-1432,,
139,Consultarq Consultoria de Arquitetura e Interiores Saudáveis,,,Interior architect office,"Rua Iolanda Eloy de Medeiros, 101 - Apto 1304 Bloco A - Água Fria, João Pessoa - PB, 58053-028, Brazil","{'friday': '8AM–7PM', 'saturday': '8AM–1PM', 'sunday': 'Closed', 'monday': '8AM–7PM', 'tuesday': '8AM–7PM', 'wednesday': '8AM–7PM', 'thursday': '8AM–7PM'}",+55 83 99831-4329,http://consultarq-consultoria-de-arquitetura.negocio.site/,
140,Studio Actium Arquitetura,5.0,1.0,Architect,"R. Severino Nicolau de Melo, 700 - Jardim Oceania, João Pessoa - PB, 58037-700, Brazil","{'friday': '8AM–6PM', 'saturday': 'Closed', 'sunday': 'Closed', 'monday': '8AM–6PM', 'tuesday': '8AM–6PM', 'wednesday': '8AM–6PM', 'thursday': '8AM–6PM'}",+55 83 99984-8958,https://www.facebook.com/actiumstudio,
141,Glendo D'Oliveira Arquitetura e Interiores,,,Interior architect office,"Av. Pres. Epitácio Pessoa, 955 - Estados, João Pessoa - PB, 58030-000, Brazil","{'friday': '8AM–6PM', 'saturday': '8AM–12PM', 'sunday': 'Closed', 'monday': '8AM–6PM', 'tuesday': '8AM–6PM', 'wednesday': '8AM–6PM', 'thursday': '8AM–6PM'}",+55 83 99977-9598,,
142,Legu Arquitetura e Interiores,5.0,1.0,Architect,"Rua Rosa Lima dos Santos, 293 - Bancários, João Pessoa - PB, 58051-425, Brazil",,,,
143,Thaís Porto Arquitetura e Interiores,,,Interior architect office,"Josita de Almeida - Altiplano Cabo Branco, João Pessoa - PB, 58046-490, Brazil","{'friday': '8AM–6PM', 'saturday': '8AM–12PM', 'sunday': 'Closed', 'monday': '8AM–6PM', 'tuesday': '8AM–6PM', 'wednesday': '8AM–6PM', 'thursday': '8AM–6PM'}",+55 83 99983-8264,http://instagram.com/portothais_arquitetura,
144,Vila 03 Arquitetura,5.0,4.0,Architecture firm,,"{'friday': '8AM–6PM', 'saturday': '8:30AM–12PM', 'sunday': 'Closed', 'monday': '8AM–6PM', 'tuesday': '8AM–6PM', 'wednesday': '8AM–6PM', 'thursday': '8AM–6PM'}",+55 83 99989-2588,https://campsite.bio/vila03arq,
145,Alice Medeiros Arquiteta,,,Interior architect office,"Av. Ingá, 616 - Manaíra, João Pessoa - PB, 58038-251, Brazil","{'friday': '9AM–7PM', 'saturday': 'Closed', 'sunday': 'Closed', 'monday': '9AM–7PM', 'tuesday': '9AM–7PM', 'wednesday': '9AM–7PM', 'thursday': '9AM–7PM'}",+55 83 99652-4129,,
146,Manu Vasconcelos Arquitetura + Interiores,5.0,3.0,Corporate office,"Avenida Governador Flávio Ribeiro Coutinho Liv Mall, Sala 722 - Manaíra, João Pessoa - PB, 58310-000, Brazil","{'friday': '9AM–6PM', 'saturday': 'Closed', 'sunday': 'Closed', 'monday': '9AM–6PM', 'tuesday': '9AM–6PM', 'wednesday': '9AM–6PM', 'thursday': '9AM–6PM'}",+55 83 99630-8641,https://www.instagram.com/manuvasconcelos.arquitetura/,
147,OLIVEIRA DUARTE ARQUITETURA,,,Corporate office,"R. Antônio Miguel Duarte - Bancários, João Pessoa - PB, 58033-455, Brazil",,+55 83 98164-6355,,
148,Renata Dantas Arquitetura,,,Interior architect office,"Av. Sen. Ruy Carneiro, 676 - Sala 202 - Manaíra, João Pessoa - PB, 58039-180, Brazil","{'friday': '9AM–5PM', 'saturday': 'Closed', 'sunday': 'Closed', 'monday': '9AM–5PM', 'tuesday': '9AM–5PM', 'wednesday': '9AM–5PM', 'thursday': '9AM–5PM'}",+55 83 99685-2579,,
149,Arquitetura do Olhar,4.5,2.0,Health and beauty shop,"Rua Comerciante Alfredo Ferreira da Rocha, 977 - Mangabeira I, João Pessoa - PB, 58055-540, Brazil","{'friday': '9AM–12PM', 'saturday': '9AM–12PM', 'sunday': 'Closed', 'monday': 'Closed', 'tuesday': '9AM–12PM', 'wednesday': '9AM–12PM', 'thursday': '9AM–12PM'}",+55 83 98817-2180,,
150,Patricia Marcolino - Arquitetos Associados,5.0,39.0,Architect,"Av. Nascimento de Castro, 1730 - Lagoa Nova, Natal - RN, 59056-450, Brazil","{'friday': '8AM–5PM', 'saturday': 'Closed', 'sunday': 'Closed', 'monday': '8AM–5PM', 'tuesday': '8AM–5PM', 'wednesday': '8AM–5PM', 'thursday': '8AM–5PM'}",+55 84 4141-2835,http://patriciamarcolinoarq.com.br/,
151,ND STUDIO Arquitetura & Design,5.0,11.0,Architect,"R, Av. Conselheiro Rosa e Silva, 1206 - sala: 212 - Aflitos, Recife - PE, 52050-345, Brazil","{'friday': '9AM–6PM', 'saturday': 'Closed', 'sunday': 'Closed', 'monday': '9AM–6PM', 'tuesday': '9AM–6PM', 'wednesday': '9AM–6PM', 'thursday': '9AM–6PM'}",+55 81 3090-6791,https://nd-studio-arquitetura.negocio.site/?utm_source=gmb&utm_medium=referral,
152,Dual Arquitetura e Construção Ltda,,,Civil engineering company,"R. Maria Caetano Fernandes de Lima, 213 - Tambauzinho, João Pessoa - PB, 58042-050, Brazil",,+55 83 98895-7712,,
153,Artestudio Revista AE,4.5,4.0,Publisher,"R. Dep. Tertuliano de Brito, 348 - Estados, João Pessoa - PB, 58030-044, Brazil","{'friday': '9AM–12PM', 'saturday': 'Closed', 'sunday': 'Closed', 'monday': '9AM–12PM', 'tuesday': '9AM–12PM', 'wednesday': '9AM–12PM', 'thursday': '9AM–12PM'}",+55 83 3021-8308,https://linktr.ee/revistaae,
154,EFICAZ ARQUITETURA E COMBATE A INCÊNDIO,,,Interior architect office,"R. Maurício Leal Wanderley - Valentina, João Pessoa - PB, 58063-007, Brazil","{'friday': '8AM–6PM', 'saturday': 'Closed', 'sunday': 'Closed', 'monday': '8AM–6PM', 'tuesday': '8AM–6PM', 'wednesday': '8AM–6PM', 'thursday': '8AM–6PM'}",+55 83 99129-2582,,
155,Gabriela e Otávio Arquitetos,,,Interior architect office,"Av. São Gonçalo, 281 - Manaíra, João Pessoa - PB, 58038-330, Brazil","{'friday': '9AM–5PM', 'saturday': '9AM–12PM', 'sunday': 'Closed', 'monday': '9AM–5PM', 'tuesday': '9AM–5PM', 'wednesday': '9AM–5PM', 'thursday': '9AM–5PM'}",+55 83 99902-0333,,
156,Trevo Construções Engenharia & Arquitetura,5.0,1.0,Corporate office,"R. Flamboyant, 406-462 - Anatólia, João Pessoa - PB, 58052-010, Brazil","{'friday': 'Closed', 'saturday': 'Closed', 'sunday': 'Closed', 'monday': '8AM–6PM', 'tuesday': '8AM–6PM', 'wednesday': '8AM–6PM', 'thursday': '8AM–6PM'}",+55 83 98103-7213,,
157,Arquitetura/engenharia civil - projetos,,,Interior architect office,"R. José Felipe de Oliveira - Valentina de Figueiredo, João Pessoa - PB, 58062-129, Brazil","{'friday': '8AM–9PM', 'saturday': '8AM–9PM', 'sunday': 'Closed', 'monday': '8AM–9PM', 'tuesday': '8AM–9PM', 'wednesday': '8AM–9PM', 'thursday': '8AM–9PM'}",+55 83 98693-2997,https://www.instagram.com/eng.darllyel/,
158,Conceitotres - Arquitetos Associados,,,Architect,"Praia Shopping, Av. Gov. Flávio Ribeiro Coutinho, 300 - Sala 110 - Manaíra, João Pessoa - PB, 58037-000, Brazil",,,,
159,João Coura / Taty Travassos - Arquitetura e Urbanismo,,,Architect,"Edif. Porto Mar, Av. Oceano Atlântico, 422 - Sala 1 - Intermares, Cabedelo - PB, 58102-252, Brazil","{'friday': '8AM–6PM', 'saturday': 'Closed', 'sunday': 'Closed', 'monday': '8AM–6PM', 'tuesday': '8AM–6PM', 'wednesday': '8AM–6PM', 'thursday': '8AM–6PM'}",+55 83 98707-4942,,
160,241 arquitetura e interiores,,,Corporate office,"Estados, João Pessoa - PB, Brazil","{'friday': '8AM–6PM', 'saturday': 'Closed', 'sunday': 'Closed', 'monday': '8AM–6PM', 'tuesday': '8AM–6PM', 'wednesday': '8AM–6PM', 'thursday': '8AM–6PM'}",,http://instagram.com/241arquitetura,
161,Department of Architecture and Urbanism,5.0,1.0,Architecture school,"Via Expressa Padre Zé, 643-923 - Conj. Pres. Castelo Branco III, João Pessoa - PB, 58050-585, Brazil","{'friday': '8AM–5PM', 'saturday': 'Closed', 'sunday': 'Closed', 'monday': '8AM–5PM', 'tuesday': '8AM–5PM', 'wednesday': '8AM–5PM', 'thursday': '8AM–5PM'}",+55 83 3216-7115,http://security.ufpb.br/ctarq,
162,Engenharia e Arquitetura,,,Corporate office,"R. Imac. Conceição, 375 - Imaculada, Bayeux - PB, 58309-290, Brazil",,+55 12 3426-3457,,
163,Hannah Veras Arquiteta,,,Architect,"R. Poetisa Violeta Formiga, 80 - Aeroclube, João Pessoa - PB, 58036-345, Brazil","{'friday': 'Open 24 hours', 'saturday': 'Open 24 hours', 'sunday': 'Open 24 hours', 'monday': 'Open 24 hours', 'tuesday': 'Open 24 hours', 'wednesday': 'Open 24 hours', 'thursday': 'Open 24 hours'}",+55 83 99855-2285,,
164,Alisson Freire Arquitetura,,,Corporate office,"Av. Gen. Edson Ramalho, 275 - Manaíra, João Pessoa - PB, 58038-100, Brazil","{'friday': '8AM–5PM', 'saturday': 'Closed', 'sunday': 'Closed', 'monday': '8AM–5PM', 'tuesday': '8AM–5PM', 'wednesday': '8AM–5PM', 'thursday': '8AM–5PM'}",+55 988171589,,
165,Larissa Farias Arquitetura e Interiores,,,Corporate office,"R. Nossa Sra. dos Navegantes, 415 - Tambaú, João Pessoa - PB, 58039-111, Brazil","{'friday': '8AM–6PM', 'saturday': 'Closed', 'sunday': 'Closed', 'monday': '8AM–6PM', 'tuesday': '8AM–6PM', 'wednesday': '8AM–6PM', 'thursday': '8AM–6PM'}",+55 83 99928-0325,,
166,Amanda Gouveia + Club ARQ.,,,Interior architect office,"Av. Pres. Epitácio Pessoa, 3014 - Tambauzinho, João Pessoa - PB, 58045-000, Brazil","{'friday': '9AM–6PM', 'saturday': 'Closed', 'sunday': 'Closed', 'monday': '9AM–6PM', 'tuesday': '9AM–6PM', 'wednesday': '9AM–6PM', 'thursday': '9AM–6PM'}",+55 83 98807-7466,http://www.instagram.com/amandagouveiaarquitetura,
167,Layout Arquitetura,,,Corporate office,"R. Juvenal Mário da Silva - Manaíra, João Pessoa - PB, 58038-511, Brazil","{'friday': '8AM–6PM', 'saturday': 'Closed', 'sunday': 'Closed', 'monday': '8AM–6PM', 'tuesday': '8AM–6PM', 'wednesday': '8AM–6PM', 'thursday': '8AM–6PM'}",+55 83 99831-0004,,
168,Metro Arquitetura,3.9,7.0,Architect,"Av. João de Barros, 1527 - Soledade, Recife - PE, 50050-180, Brazil","{'friday': '9AM–6PM', 'saturday': 'Closed', 'sunday': 'Closed', 'monday': '9AM–6PM', 'tuesday': '9AM–6PM', 'wednesday': '9AM–6PM', 'thursday': '9AM–6PM'}",+55 81 3426-5655,http://www.metro.arq.br/,
169,Bloco de Arquitetura e Urbanismo - UNIPÊ,5.0,1.0,Private university,"BR-230, 22 - bloco I - Água Fria, João Pessoa - PB, 58053-001, Brazil",,+55 83 2106-9278,https://www.unipe.edu.br/,
170,"March - Arquitetura, Construções e Negócios Imobiliários",,,Architect,"R. Virginia Maria Nogueira Gadelha Pimentel, 589 - sala I - Bela Vista II, Cabedelo - PB, 58102-332, Brazil","{'friday': '9AM–6PM', 'saturday': 'Closed', 'sunday': 'Closed', 'monday': '9AM–6PM', 'tuesday': '9AM–6PM', 'wednesday': '9AM–6PM', 'thursday': '9AM–6PM'}",+55 83 99133-6385,http://www.grupomarch.com.br/,
171,Balance Arquitetura e Interiores,,,Corporate office,"Av. Monteiro da Franca, 1071 - Manaíra, João Pessoa - PB, 58038-320, Brazil","{'friday': '8AM–5:30PM', 'saturday': 'Closed', 'sunday': 'Closed', 'monday': '8AM–5:30PM', 'tuesday': '8AM–5:30PM', 'wednesday': '8AM–5:30PM', 'thursday': '8AM–5:30PM'}",+55 83 99870-3831,,
172,Ramayana Lira Arquitetura e Interiores,,,Interior architect office,"R. Ambrosina Soares dos Santos - Bessa, João Pessoa - PB, 58035-140, Brazil","{'friday': '8:30AM–5:30PM', 'saturday': 'Closed', 'sunday': 'Closed', 'monday': '8:30AM–5:30PM', 'tuesday': '8:30AM–5:30PM', 'wednesday': '8:30AM–5:30PM', 'thursday': '8:30AM–5:30PM'}",+55 83 98138-7888,https://ramayana-lira-arquitetura-e.negocio.site/?utm_source=gmb&utm_medium=referral,
173,FABBRICA Arquitetura e design,5.0,1.0,Architect,"Edifício Empresarial Trade Office Center - Avenida Senador Ruy Carneiro, 300, sala 406, Miramar, João Pessoa - PB, 58032-101, Brazil","{'friday': '2:30–6:30PM', 'saturday': 'Closed', 'sunday': 'Closed', 'monday': '2:30–6:30PM', 'tuesday': '2:30–6:30PM', 'wednesday': '2:30–6:30PM', 'thursday': '2:30–6:30PM'}",+55 83 3244-2082,,
174,STUDIO SOMMA - ARQUITETURA COLABORATIVA,,,Corporate office,"Av. Antônio Lira, 182 - sala 103 - Tambaú, João Pessoa - PB, 58039-050, Brazil",,+55 83 99640-7470,http://instagram.com/st.somma,
175,A2 Arquitetos,4.0,1.0,Architect,"R. Cel. José Cesarino da Nóbrega, 30 - Jardim Sao Paulo, João Pessoa - PB, 58051-130, Brazil","{'friday': '8AM–12PM', 'saturday': '9AM–1PM', 'sunday': 'Closed', 'monday': '8AM–12PM', 'tuesday': '8AM–12PM', 'wednesday': '8AM–12PM', 'thursday': '8AM–12PM'}",+55 83 3235-7914,,
176,Habitus Arquitetura - Arquiteto em Mossoró,4.8,23.0,Architect,"Av. Rio Branco, 1530 - Doze Anos, Mossoró - RN, 59603-000, Brazil","{'friday': '8–11AM', 'saturday': 'Closed', 'sunday': 'Closed', 'monday': '8–11AM', 'tuesday': '8–11AM', 'wednesday': '8–11AM', 'thursday': '8–11AM'}",+55 84 2142-0057,https://www.habitusarquitetura.com.br/,
177,MA Arquitetura,,,Corporate office,"Moura Trade Center, Av. Guarabira, 1222 - 103 - Manaíra, João Pessoa - PB, 58030-331, Brazil","{'friday': '1:30–6:30PM', 'saturday': 'Closed', 'sunday': 'Closed', 'monday': '1:30–6:30PM', 'tuesday': '1:30–6:30PM', 'wednesday': '1:30–6:30PM', 'thursday': '1:30–6:30PM'}",+55 83 98896-3417,,
178,Memorial da Arquitetura Paraibana,,,Labor union,"Praça São Pedro Gonçalves, 2 - Varadouro, João Pessoa - PB, 58010-595, Brazil","{'friday': '8AM–12PM', 'saturday': 'Closed', 'sunday': 'Closed', 'monday': '8AM–12PM', 'tuesday': '8AM–12PM', 'wednesday': '8AM–12PM', 'thursday': '8AM–12PM'}",+55 83 3222-1975,,
179,Módulo 4 Arquitetura,5.0,2.0,Architect,"R. Gen. Joaquim Inácio, 830, 103 - Ilha do Leite, Recife - PE, 50070-275, Brazil","{'friday': '9AM–6PM', 'saturday': 'Closed', 'sunday': 'Closed', 'monday': '9AM–6PM', 'tuesday': '9AM–6PM', 'wednesday': '9AM–6PM', 'thursday': '9AM–6PM'}",+55 81 99606-4172,https://www.instagram.com/modulo4arquitetura/,
180,Programa de Pós-Graduação em Arquitetura e Urbanismo - PPGAU,,,Public university,"Centro de Tecnologia, Cidade Universitária, s/n, Castelo Branco III, João Pessoa - PB, 58051-085, Brazil","{'friday': '8AM–6PM', 'saturday': 'Closed', 'sunday': 'Closed', 'monday': '8AM–6PM', 'tuesday': '8AM–6PM', 'wednesday': '8AM–6PM', 'thursday': '8AM–6PM'}",+55 83 3216-7077,,
181,Escritório de Arquitetura Débora Pires,3.0,1.0,Architect,"Av. Pres. Epitácio Pessoa, 753 - Estados, João Pessoa - PB, 58030-000, Brazil",,+55 83 3244-4024,,
182,Mesquita + Sousa Arquitetura,5.0,7.0,Corporate office,"R. Benjamin Constant, 170 - sala 1702 - Estacao Velha, Campina Grande - PB, 58410-003, Brazil","{'friday': '8AM–6PM', 'saturday': 'Closed', 'sunday': 'Closed', 'monday': '8AM–6PM', 'tuesday': '8AM–6PM', 'wednesday': '8AM–6PM', 'thursday': '8AM–6PM'}",+55 83 99629-0111,https://www.instagram.com/mesquitasousarquitetura/,
183,NEBR arquitetura,,,Architect,"Bairro Novo, Carpina - PE, 55819-317, Brazil",,,,
184,Lins Arquitetos Associados,5.0,8.0,Architect,"Rua Manoel Miguel dos Santos, 330, Jardim Gonzaga, Juazeiro do Norte - CE, 63046-190, Brazil","{'friday': '9AM–12PM', 'saturday': 'Closed', 'sunday': 'Closed', 'monday': '9AM–12PM', 'tuesday': '9AM–12PM', 'wednesday': '9AM–12PM', 'thursday': '9AM–12PM'}",+55 88 2156-2745,https://www.linsarquitetos.com.br/,
185,CTH - UFPB,,,Public university,"Via Expressa Padre Zé - Castelo Branco, João Pessoa - PB, 58050-585, Brazil",,,http://ct.ufpb.br/ccau,
186,ACRO ARQUITETURA,5.0,2.0,Architect,"Av. Maranhão, n° 761 - sala 05 - Estados, João Pessoa - PB, 58030-261, Brazil","{'friday': '8AM–12PM', 'saturday': 'Closed', 'sunday': 'Closed', 'monday': '8AM–12PM', 'tuesday': '8AM–12PM', 'wednesday': '8AM–12PM', 'thursday': '8AM–12PM'}",+55 83 3246-6181,http://acroarquiteturaecomunicacao.vitrinevirtual.net/,
187,Revestimento Fume em João Pessoa - Urbana Film Arquitetura,1.0,2.0,Wallpaper store,"R. Comerciante José Miranda de Araújo, 42 - Jardim Oceania, João Pessoa - PB, 58036-112, Brazil","{'friday': '8AM–6PM', 'saturday': '8AM–2PM', 'sunday': 'Closed', 'monday': '8AM–6PM', 'tuesday': '8AM–6PM', 'wednesday': '8AM–6PM', 'thursday': '8AM–6PM'}",+55 83 98717-6416,http://www.urbanafilm.comunidades.net/,
188,Bevilacqua Arquitetura e Engenharia,5.0,29.0,Architect,"R. Viena, 203 - Jardim Oswaldo Cruz, São José dos Campos - SP, 12216-720, Brazil","{'friday': '9AM–6PM', 'saturday': 'Closed', 'sunday': 'Closed', 'monday': '9AM–5PM', 'tuesday': '9AM–5PM', 'wednesday': '9AM–6PM', 'thursday': '9AM–6PM'}",+55 12 3942-8477,http://www.bevilacqua.com.br/,
189,Jacobsen Arquitetura,4.8,33.0,Architect,"Alameda Gabriel Monteiro da Silva, 1310 - Jardim Paulistano, São Paulo - SP, 01442-000, Brazil","{'friday': '10AM–7PM', 'saturday': 'Closed', 'sunday': 'Closed', 'monday': '10AM–7PM', 'tuesday': '10AM–7PM', 'wednesday': '10AM–7PM', 'thursday': '10AM–7PM'}",+55 11 3087-0600,https://jacobsenarquitetura.com/,
190,Bernardes Arquitetura,4.8,22.0,Architect,"R. Iramaia, 105 - Jardim Europa, São Paulo - SP, 01450-020, Brazil","{'friday': '10AM–7PM', 'saturday': 'Closed', 'sunday': 'Closed', 'monday': '10AM–7PM', 'tuesday': '10AM–7PM', 'wednesday': '10AM–7PM', 'thursday': '10AM–7PM'}",+55 11 5185-0050,http://www.bernardesarq.com.br/,
191,Kaline Tomé arquitetura,5.0,1.0,Architect,"Av. Pres. Epitácio Pessoa, 4840 - Cabo Branco, João Pessoa - PB, 58045-000, Brazil","{'friday': '8AM–6PM', 'saturday': 'Closed', 'sunday': 'Closed', 'monday': '8AM–6PM', 'tuesday': '8AM–6PM', 'wednesday': '8AM–6PM', 'thursday': '8AM–6PM'}",+55 83 98886-6445,,
192,Mãe Luiza Acessível,5.0,1.0,Architecture firm,"R. João XXIII, 685 - Mãe Luíza, Natal - RN, 59014-000, Brazil","{'friday': '8AM–5PM', 'saturday': 'Closed', 'sunday': 'Closed', 'monday': '8AM–5PM', 'tuesday': '8AM–5PM', 'wednesday': '8:08AM–5PM', 'thursday': '8AM–5PM'}",+55 84 99955-0999,https://mae-luiza-acessivel.business.site/?utm_source=gmb&utm_medium=referral,
193,PB Arquitetura,5.0,20.0,Architect,"Alameda Caulim, 115 - Sala 710 - Cerâmica, São Caetano do Sul - SP, 09531-195, Brazil","{'friday': '9AM–6PM', 'saturday': '9AM–12PM', 'sunday': 'Closed', 'monday': '9AM–6PM', 'tuesday': '9AM–6PM', 'wednesday': '9AM–6PM', 'thursday': '9AM–6PM'}",+55 11 2311-1178,http://www.pbarquitetura.com.br/,
194,JS Designer Arquitetura Urbanismo e Interiores,,,Architect,"Av. Cruz das Armas - Oitizeiro, João Pessoa - PB, 58087-000, Brazil",,,,
195,BernardesArquitetura,4.9,19.0,Architect,"R. Corcovado, 250 - Jardim Botânico, Rio de Janeiro - RJ, 22460-050, Brazil","{'friday': '9AM–7PM', 'saturday': 'Closed', 'sunday': 'Closed', 'monday': '9AM–7PM', 'tuesday': '9AM–7PM', 'wednesday': '9AM–7PM', 'thursday': '9AM–7PM'}",+55 21 2512-7743,http://www.bernardesarq.com.br/,
196,Tetro Arquitetura,5.0,13.0,Architect,"R. Arrudas, 245 - Sala 1 - Santa Lúcia, Belo Horizonte - MG, 30360-300, Brazil","{'friday': '9AM–6PM', 'saturday': 'Closed', 'sunday': 'Closed', 'monday': '9AM–6PM', 'tuesday': '9AM–6PM', 'wednesday': '9AM–6PM', 'thursday': '9AM–6PM'}",+55 31 3297-9419,http://www.tetro.com.br/,
197,Todos Arquitetura,4.8,10.0,Architect,"Rua Haddock Lobo, 684 - 5º andar - Consolação, São Paulo - SP, 01414-001, Brazil","{'friday': '9AM–6PM', 'saturday': 'Closed', 'sunday': 'Closed', 'monday': '9AM–6PM', 'tuesday': '9AM–6PM', 'wednesday': '9AM–6PM', 'thursday': '9AM–6PM'}",+55 11 3154-0396,http://www.todosarquitetura.com/,
198,Felipe Caboclo Arquitetura,5.0,11.0,Architect,"I, ED. CAMPUS OFFICES, Av. Plaza, 06 - conj 509 - Jardim Paraiso, Itu - SP, 13302-100, Brazil","{'friday': '8AM–6PM', 'saturday': 'Closed', 'sunday': 'Closed', 'monday': '8AM–6PM', 'tuesday': '8AM–6PM', 'wednesday': '8AM–6PM', 'thursday': '8AM–6PM'}",+55 11 2715-3842,http://felipecaboclo.com.br/,
199,PLUS arquitetura,4.8,18.0,Architect,"R. Santos Dumont, 406 - Centro, Tubarão - SC, 88701-611, Brazil","{'friday': '8:30AM–12PM', 'saturday': 'Closed', 'sunday': 'Closed', 'monday': '8:30AM–12PM', 'tuesday': '8:30AM–12PM', 'wednesday': '8:30AM–12PM', 'thursday': '8:30AM–12PM'}",+55 48 3622-1114,http://www.plusarquitetura.com/,
