,title,rating,reviews,type,address,operating_hours,phone,website
0,FAW Arquitetura,5.0,36.0,Interior architect office,"R. Manoel Leonardo Gomes, 960 - Liberdade, Campina Grande - PB, 58414-230, Brazil","{'friday': '8AM–5PM', 'saturday': 'Closed', 'sunday': 'Closed', 'monday': '8AM–5PM', 'tuesday': '8AM–5PM', 'wednesday': '8AM–5PM', 'thursday': '8AM–5PM'}",+55 83 99606-2600,https://www.instagram.com/fawarquitetura/
1,Raphael Albuquerque Arquitetura,5.0,20.0,Architect,"Empresarial Design Life, R. Otacílio Nepomuceno, 600 - SALA 1009 - Catolé, Campina Grande - PB, 58410-340, Brazil","{'friday': '8AM–6PM', 'saturday': '8AM–12PM', 'sunday': 'Closed', 'monday': '8AM–6PM', 'tuesday': '8AM–6PM', 'wednesday': '8AM–6PM', 'thursday': '8AM–6PM'}",+55 83 99146-5995,
2,Vila Nova Arquitetura,4.8,15.0,Architect,"R. Otacílio de Albuquerque, 233 - Centro, Campina Grande - PB, 58400-275, Brazil",,+55 83 98129-7217,http://vilanovaarq.com/
3,Alicerce | Escritório de Arquitetura e Engenharia Civil,5.0,23.0,Architect,"R. Aprígio Veloso, 882 Bloco BK, Universitário, Campina Grande - PB, 58449-999, Brazil","{'friday': '8AM–5PM', 'saturday': 'Closed', 'sunday': 'Closed', 'monday': '8AM–5PM', 'tuesday': '8AM–5PM', 'wednesday': '8AM–5PM', 'thursday': '8AM–5PM'}",+55 83 2101-1310,
4,Eilson Ramos Arquiteto,5.0,14.0,Architect,"R. Fernandes Viêira, 194 - Mirante, Campina Grande - PB, 58407-490, Brazil","{'friday': '9AM–6PM', 'saturday': 'Closed', 'sunday': 'Closed', 'monday': '9AM–6PM', 'tuesday': '9AM–6PM', 'wednesday': '9AM–6PM', 'thursday': '9AM–6PM'}",+55 83 99910-6637,http://www.eilsonramos.com.br/
5,Daleska Rodrigues Arquitetura,5.0,13.0,Architect,"R. João Machado, 267 - Sala 6 - Prata, Campina Grande - PB, 58400-510, Brazil","{'friday': '8AM–6PM', 'saturday': 'Closed', 'sunday': 'Closed', 'monday': '8AM–6PM', 'tuesday': '8AM–6PM', 'wednesday': '8AM–6PM', 'thursday': '8AM–6PM'}",+55 83 99996-4418,https://daleskaarquitetura.com.br/
6,Matias Arquitetos,5.0,9.0,Architect,"Complexo Heron Marinho - Vila Cabral, Campina Grande - PB, 58408-000, Brazil","{'friday': '8AM–6PM', 'saturday': 'Closed', 'sunday': 'Closed', 'monday': '8AM–6PM', 'tuesday': '8AM–6PM', 'wednesday': '8AM–6PM', 'thursday': '8AM–6PM'}",+55 83 98772-9528,
7,CRIAR | Crisna Arquitetura,5.0,11.0,Architect,"R. Vig. Calixto, 1754 - Catolé, Campina Grande - PB, 58410-340, Brazil","{'friday': '8AM–6PM', 'saturday': 'Closed', 'sunday': 'Closed', 'monday': '8AM–6PM', 'tuesday': '8AM–6PM', 'wednesday': '8AM–6PM', 'thursday': '8AM–6PM'}",+55 89 99908-5408,https://www.instagram.com/crisnaarquitetura/
8,Giovanni Lyra - Arquitetura & Interiores,5.0,8.0,Architect,"Empresarial Mundo Plaza, Rua Benjamin Constant, 170, SL1202/03, Estacao Velha, Campina Grande - PB, 58410-003, Brazil","{'friday': '8AM–12PM', 'saturday': 'Closed', 'sunday': 'Closed', 'monday': '8AM–12PM', 'tuesday': '8AM–12PM', 'wednesday': '8AM–12PM', 'thursday': '8AM–12PM'}",+55 83 2148-4699,
9,Larissa Brito Arquitetura e Interiores,4.9,8.0,Architect,"R. Quebra Quilos, 47 - Centro, Campina Grande - PB, 58400-208, Brazil","{'friday': '9AM–6PM', 'saturday': 'Closed', 'sunday': 'Closed', 'monday': '9AM–6PM', 'tuesday': '9AM–6PM', 'wednesday': '9AM–6PM', 'thursday': '9AM–6PM'}",+55 83 98159-8339,http://www.larissabritoarquitetura.com.br/
10,Anabel Alvarez Arquitetos,4.8,6.0,Architect,"R. Vig. Calixto, 327 - Sandra Cavalcante, Campina Grande - PB, 58410-340, Brazil","{'friday': '9AM–6PM', 'saturday': 'Closed', 'sunday': 'Closed', 'monday': '9AM–6PM', 'tuesday': '9AM–6PM', 'wednesday': '9AM–6PM', 'thursday': '9AM–6PM'}",+55 83 3077-8899,
11,Studio W4 Arquitetura,5.0,5.0,Architect,"R. Quintino Bocaiúva - Centro, Campina Grande - PB, 58401-170, Brazil","{'friday': '8AM–6PM', 'saturday': '8AM–12PM', 'sunday': 'Closed', 'monday': '8AM–6PM', 'tuesday': '8AM–6PM', 'wednesday': '8AM–6PM', 'thursday': '8AM–6PM'}",+55 83 98747-5351,https://www.instagram.com/studiow4arquitetura/
12,Emmanuelle Leão - design - Arquitetura -interiores -móveis projetados- Campina Grande/PB,5.0,5.0,Architect,"R. Ver. Arrojado Lisboa, 121 - sala 101 - Monte Santo, Campina Grande - PB, 58400-640, Brazil","{'friday': '8AM–6PM', 'saturday': '8AM–6PM', 'sunday': 'Closed', 'monday': '8AM–6PM', 'tuesday': '8AM–6PM', 'wednesday': '8AM–6PM', 'thursday': '8AM–6PM'}",+55 83 99654-7048,https://emmanuelleleao.business.site/
13,Gabriela Nogueira - Arquitetura Urbanismo Interiores,3.8,16.0,Architect,"Di Pace Nunes, R. Vig. Calixto, 889 - 2 - Catolé, Campina Grande - PB, 58410-253, Brazil","{'friday': '8AM–6PM', 'saturday': 'Closed', 'sunday': 'Closed', 'monday': '8AM–6PM', 'tuesday': '8AM–6PM', 'wednesday': '8AM–6PM', 'thursday': '8AM–6PM'}",+55 83 99939-0804,
14,Terras Arquitetura e Interiores,5.0,10.0,Interior architect office,"R. Tiradentes, 225 - Centro, Campina Grande - PB, 58400-283, Brazil","{'friday': '9AM–6PM', 'saturday': 'Closed', 'sunday': 'Closed', 'monday': '9AM–6PM', 'tuesday': '9AM–6PM', 'wednesday': '9AM–6PM', 'thursday': '9AM–6PM'}",+55 83 99638-2093,https://www.instagram.com/terrasarquitetura_/
15,Planalto Arquitetos,5.0,7.0,Interior architect office,"R. Benjamin Constant, 170 - Estacao Velha, Campina Grande - PB, 58410-003, Brazil","{'friday': '8AM–12PM', 'saturday': 'Closed', 'sunday': 'Closed', 'monday': '8AM–12PM', 'tuesday': '8AM–12PM', 'wednesday': '8AM–12PM', 'thursday': '8AM–12PM'}",+55 83 3201-6954,http://instagram.com/planaltoarquitetos
16,Lorena Cavalcanti Arquiteta,4.8,4.0,Architect,"R. João Leôncio, 201 - Centro, Campina Grande - PB, 58400-120, Brazil","{'friday': '9AM–6PM', 'saturday': '9AM–12PM', 'sunday': 'Closed', 'monday': '9AM–6PM', 'tuesday': '9AM–6PM', 'wednesday': '9AM–6PM', 'thursday': '9AM–6PM'}",+55 83 98806-0553,http://lorenaarquiteta.blogspot.com/
17,Brilhante Filho Arquitetos,3.8,5.0,Architect,"R. Mal. Deodoro Fonseca, 734 - Prata, Campina Grande - PB, 58400-492, Brazil","{'friday': '8AM–12PM', 'saturday': 'Closed', 'sunday': 'Closed', 'monday': '8AM–12PM', 'tuesday': '8AM–12PM', 'wednesday': '8AM–12PM', 'thursday': '8AM–12PM'}",+55 83 3343-6272,
18,Studio Arquitetura e Interiores,5.0,3.0,Architect,"Tv. Alm. Barroso, 23 - Santa Cruz, Campina Grande - PB, 58417-310, Brazil","{'friday': '8–11AM', 'saturday': 'Closed', 'sunday': 'Closed', 'monday': '8–11AM', 'tuesday': '8–11AM', 'wednesday': '8–11AM', 'thursday': '8–11AM'}",+55 83 99715-1771,http://studiourbanoarquiteturaeinteriores.vitrinevirtual.net/
19,Thiago Faustino Arquiteto,4.0,4.0,Architect,"Ed. Ilfaro, R. Prof. Américo Braga, 33 - Sala 02 - Centro, Campina Grande - PB, 58400-632, Brazil","{'friday': '8AM–12PM', 'saturday': 'Closed', 'sunday': 'Closed', 'monday': '8AM–12PM', 'tuesday': '8AM–12PM', 'wednesday': '8AM–12PM', 'thursday': '8AM–12PM'}",+55 83 3055-6677,https://www.thiagofaustino.com/
20,Thiago Faustino Arquiteto,4.0,4.0,Architect,"Ed. Ilfaro, R. Prof. Américo Braga, 33 - Sala 02 - Centro, Campina Grande - PB, 58400-632, Brazil","{'friday': '8AM–12PM', 'saturday': 'Closed', 'sunday': 'Closed', 'monday': '8AM–12PM', 'tuesday': '8AM–12PM', 'wednesday': '8AM–12PM', 'thursday': '8AM–12PM'}",+55 83 3055-6677,https://www.thiagofaustino.com/
21,GM Arquitetura e Construção,5.0,4.0,Architect,"R. Américo Pôrto, N 278 - Lauritzen, Campina Grande - PB, 58401-381, Brazil","{'friday': '8AM–12PM', 'saturday': 'Closed', 'sunday': 'Closed', 'monday': '8–11:30AM', 'tuesday': '8–11:30AM', 'wednesday': '8–11:30AM', 'thursday': '8–11:30AM'}",+55 83 2153-8650,
22,Borba Arquitetura e Interiores,5.0,2.0,Landscape architect,"R. Augusto Borborema, 172 - Cruzeiro, Campina Grande - PB, 58415-360, Brazil","{'friday': '8AM–12PM', 'saturday': '8AM–12PM', 'sunday': 'Closed', 'monday': '8AM–12PM', 'tuesday': '8AM–12PM', 'wednesday': '8AM–12PM', 'thursday': '8AM–12PM'}",+55 83 99639-1159,http://instagram.com/borbaarq
23,708 Arquitetura,5.0,2.0,Architect,"R. Benjamin Constant, 170 - Sala 708 A - Estacao Velha, Campina Grande - PB, 58410-003, Brazil","{'friday': '8AM–6PM', 'saturday': '8–11:30AM', 'sunday': 'Closed', 'monday': '8AM–6PM', 'tuesday': '8AM–6PM', 'wednesday': '8AM–6PM', 'thursday': '8AM–6PM'}",+55 83 98883-9875,
24,AM Arquitetura e Construção,5.0,19.0,Corporate office,"R. Monteiro Lobato, 570 - Lauritzen, Campina Grande - PB, 58401-417, Brazil","{'friday': 'Open 24 hours', 'saturday': 'Open 24 hours', 'sunday': 'Open 24 hours', 'monday': 'Open 24 hours', 'tuesday': 'Open 24 hours', 'wednesday': 'Open 24 hours', 'thursday': 'Open 24 hours'}",+55 83 99616-3266,https://instagram.com/am.arquiteturapb?igshid=1h544rsrg1rj3
25,Wton Farias Arquitetos,5.0,2.0,Architect,"R. Otacílio Nepomuceno, 420 - Catolé, Campina Grande - PB, 58410-653, Brazil","{'friday': '8AM–12PM', 'saturday': 'Closed', 'sunday': 'Closed', 'monday': '8AM–12PM', 'tuesday': '8AM–12PM', 'wednesday': '8AM–12PM', 'thursday': '8AM–12PM'}",+55 83 99921-2278,
26,Ana Melo Arquitetura,5.0,3.0,Architect,"Rua Vigário Calixto, 1754 Empresarial Atlanta, sala 407 - Catolé, Campina Grande - PB, 58410-340, Brazil","{'friday': '8AM–12PM', 'saturday': 'Closed', 'sunday': 'Closed', 'monday': '8AM–12PM', 'tuesday': '8AM–12PM', 'wednesday': '8AM–12PM', 'thursday': '8AM–12PM'}",+55 83 98164-2520,https://www.instagram.com/anameloarquitetura/
27,Ana Glícia Figueiredo - Arquitetura e Interiores,5.0,3.0,Architect,"Av. Dr. Elpídio de Almeida - Catolé, Campina Grande - PB, 58410-215, Brazil","{'friday': '8AM–6PM', 'saturday': 'Closed', 'sunday': 'Closed', 'monday': '8AM–6PM', 'tuesday': '8AM–6PM', 'wednesday': '8AM–6PM', 'thursday': '8AM–6PM'}",+55 83 98802-8350,https://www.instagram.com/anagliciaarquitetura/
28,LAYER - Arquitetura e Urbanismo,5.0,2.0,Architect,"R. Ezequiel Tavares de Souza, 87c - Palmeira Imperial, Campina Grande - PB, 58418-107, Brazil","{'friday': '10AM–5PM', 'saturday': '10AM–2PM', 'sunday': 'Closed', 'monday': '10AM–5PM', 'tuesday': '10AM–5PM', 'wednesday': '10AM–5PM', 'thursday': '10AM–5PM'}",+55 83 99407-2165,http://layerarquitetura.wixsite.com/home
29,Rayssa Lira | Arquitetura.Interiores.Design,3.0,2.0,Architect,"R. Ver. Arrojado Lisboa, 273 A - Monte Santo, Campina Grande - PB, 58400-640, Brazil","{'friday': '8AM–12PM', 'saturday': 'Closed', 'sunday': 'Closed', 'monday': '8AM–12PM', 'tuesday': '8AM–12PM', 'wednesday': '8AM–12PM', 'thursday': '8AM–12PM'}",+55 83 3343-1292,
30,DOIS STUDIO DE ARQUITETURA,5.0,4.0,Architect,"R. Otacílio Nepomuceno, 100 A - sala 26 - Catolé, Campina Grande - PB, 58410-160, Brazil","{'friday': '8AM–12PM', 'saturday': 'Closed', 'sunday': 'Closed', 'monday': '9AM–12PM', 'tuesday': '8AM–12PM', 'wednesday': '8AM–12PM', 'thursday': '8AM–12PM'}",+55 83 3077-1283,
31,Hangar Arquitetura,5.0,12.0,Architects association,"Rua Vigário Calixto, 1754 Atlanta Work Place, Sala 521, Campina Grande - PB, 58410-340, Brazil","{'friday': '8AM–7PM', 'saturday': '8AM–12PM', 'sunday': 'Closed', 'monday': '8AM–7PM', 'tuesday': '8AM–7PM', 'wednesday': '8AM–7PM', 'thursday': '8AM–7PM'}",+55 83 98816-9139,https://www.instagram.com/hangar.escritorio/
32,Papo de Arquiteto - Arquitetura,4.5,2.0,Architect,"R. Pacífico Licarião da Trindade, 120 - Bodocongó, Campina Grande - PB, 58430-485, Brazil","{'friday': '9AM–12PM', 'saturday': 'Closed', 'sunday': 'Closed', 'monday': '9AM–12PM', 'tuesday': '9AM–12PM', 'wednesday': '9AM–12PM', 'thursday': '9AM–12PM'}",+55 83 98886-2770,https://www.papodearquiteto.com.br/
33,Escritório de Arquitetura Virna Brito,5.0,6.0,Interior architect office,"R. Aprígio Pereira Nepomuceno, 1100 - Liberdade, Campina Grande - PB, 58415-300, Brazil","{'friday': '7:30–11AM', 'saturday': 'Closed', 'sunday': 'Closed', 'monday': '7:30–11AM', 'tuesday': '7:30–11AM', 'wednesday': '7:30–11AM', 'thursday': '7:30–11AM'}",+55 83 98864-7843,https://virnabritoarquiteta.negocio.site/?utm_source=gmb&utm_medium=referral
34,Mesquita + Sousa Arquitetura,5.0,7.0,Corporate office,"R. Benjamin Constant, 170 - sala 1702 - Estacao Velha, Campina Grande - PB, 58410-003, Brazil","{'friday': '8AM–6PM', 'saturday': 'Closed', 'sunday': 'Closed', 'monday': '8AM–6PM', 'tuesday': '8AM–6PM', 'wednesday': '8AM–6PM', 'thursday': '8AM–6PM'}",+55 83 99629-0111,https://www.instagram.com/mesquitasousarquitetura/
35,Sthefane Costa Arquitetura & Design,5.0,6.0,Architect,,"{'friday': '8AM–6PM', 'saturday': '8AM–1PM', 'sunday': 'Closed', 'monday': '8AM–6PM', 'tuesday': '8AM–6PM', 'wednesday': '8AM–6PM', 'thursday': '8AM–6PM'}",,https://www.instagram.com/arquitetasthefane/
36,Dome Arquitetura,5.0,1.0,Architect,"R. Vig. Calixto, 889/202 - Catolé, Campina Grande - PB, 58410-340, Brazil","{'friday': '8AM–12PM', 'saturday': 'Closed', 'sunday': 'Closed', 'monday': '8AM–12PM', 'tuesday': '8AM–12PM', 'wednesday': '8AM–12PM', 'thursday': '8AM–12PM'}",+55 83 3063-4667,
37,Saulo Mangueira - Arquitetura / Interiores e Móveis Planejados,5.0,2.0,Architect,,"{'friday': '9AM–6PM', 'saturday': '9AM–12PM', 'sunday': 'Closed', 'monday': '9AM–6PM', 'tuesday': '9AM–6PM', 'wednesday': '9AM–6PM', 'thursday': '9AM–6PM'}",+55 83 99670-6556,https://saulo-mangueira-arquiteto.negocio.site/?utm_source=gmb&utm_medium=referral
38,3d Arqui-design,5.0,1.0,Architect,"R. Maciel Pinheiro, 102 - Centro, Campina Grande - PB, 58400-000, Brazil","{'friday': '9AM–5PM', 'saturday': 'Closed', 'sunday': 'Closed', 'monday': '9AM–5PM', 'tuesday': '9AM–5PM', 'wednesday': '9AM–5PM', 'thursday': '9AM–5PM'}",+55 83 98806-0553,
39,JW ARQUITETURA,5.0,1.0,Architect,"R. Buenos Aíres, 845 - Alto Branco, Campina Grande - PB, 58402-060, Brazil","{'friday': '8AM–6PM', 'saturday': '8AM–12PM', 'sunday': 'Closed', 'monday': '8AM–6PM', 'tuesday': '8AM–6PM', 'wednesday': '8AM–6PM', 'thursday': '6AM–6PM'}",+55 83 98706-6001,
40,ArqWorking Arquitetura,5.0,1.0,Architect,"Rua Vigário Calixto, Nº1754, Empresarial Atlanta 1º Andar, Sala 101, Catolé, Campina Grande - PB, 58410-340, Brazil","{'friday': '9AM–5PM', 'saturday': 'Closed', 'sunday': 'Closed', 'monday': '9AM–5PM', 'tuesday': '9AM–5PM', 'wednesday': '9AM–5PM', 'thursday': '9AM–5PM'}",+55 83 98720-1774,https://instagram.com/arqworking_arquitetura?igshid=may6r0axcve9
41,Ítalo Tavares Arquiteto,5.0,1.0,Architect,"R. José do Patrocínio, 410 - São José, Campina Grande - PB, 58409-344, Brazil","{'friday': '9AM–6PM', 'saturday': 'Closed', 'sunday': 'Closed', 'monday': '9AM–6PM', 'tuesday': '9AM–6PM', 'wednesday': '9AM–6PM', 'thursday': '9AM–6PM'}",+55 83 99980-6192,http://instagram.com/arq.italotavares
42,LILIANNE ARAGÃO - ARQUITETA,5.0,1.0,Architect,"Complexo Heron Marinho Bussines Center, 702, Vila Cabral, Campina Grande - PB, 58408-000, Brazil","{'friday': '1–6PM', 'saturday': '8AM–12PM', 'sunday': 'Closed', 'monday': '1–6PM', 'tuesday': '1–6PM', 'wednesday': '1–6PM', 'thursday': '1–6PM'}",+55 83 98816-1134,https://www.instagram.com/liliannearagaoarquiteta
43,Contemporanea Arquitetura e Interiores,5.0,1.0,Architect,"R. Vig. Calixto, 1250 - Catolé, Campina Grande - PB, 58104-480, Brazil",,+55 83 3337-2165,http://escritoriocontemporanea.blogspot.com/
44,Augusto Terto Arquitetura & Lighting Design,5.0,2.0,Architect,,"{'friday': '9AM–12PM', 'saturday': 'Closed', 'sunday': 'Closed', 'monday': '9AM–12PM', 'tuesday': '9AM–12PM', 'wednesday': '9AM–12PM', 'thursday': '9AM–12PM'}",+55 83 98828-1469,https://www.instagram.com/augustotertoarquitetura/
45,360 Arquitetura,5.0,3.0,Interior architect office,"R. Manoel Tavares - Lauritzen, Campina Grande - PB, 58401-490, Brazil","{'friday': '8AM–6:30PM', 'saturday': 'Closed', 'sunday': 'Closed', 'monday': '8AM–6:30PM', 'tuesday': '8AM–6:30PM', 'wednesday': '8AM–6:30PM', 'thursday': '8AM–6:30PM'}",+55 83 98220-9363,http://360arquitetura.arq.br/
46,Reiwa - Arquitetura e Design,5.0,1.0,Architect,"R. José Bernardino, 97 - Sala 206 - Vila Cabral, Campina Grande - PB, 58408-027, Brazil","{'friday': '9AM–6PM', 'saturday': 'Closed', 'sunday': 'Closed', 'monday': '9AM–6PM', 'tuesday': '9AM–6PM', 'wednesday': '9AM–6PM', 'thursday': '9AM–6PM'}",+55 83 99648-1059,https://reiwa.arq.br/
47,Bruno Philippe Arquiteto,5.0,1.0,Architect,"R. Fernandes Viêira, 482 - 1° Andar, Sala 02 - José Pinheiro, Campina Grande - PB, 58407-490, Brazil","{'friday': '8:30AM–12PM', 'saturday': 'Closed', 'sunday': 'Closed', 'monday': '8:30AM–12PM', 'tuesday': '8:30AM–12PM', 'wednesday': '8:30AM–12PM', 'thursday': '8:30AM–12PM'}",+55 83 99660-2804,https://brunophilippearquiteto.business.site/
48,Andressa Pessoa - Arquitetura e Interiores,,,Architect,,"{'friday': '10AM–6PM', 'saturday': 'Closed', 'sunday': 'Closed', 'monday': '10AM–6PM', 'tuesday': '10AM–6PM', 'wednesday': '10AM–6PM', 'thursday': '10AM–6PM'}",+55 83 98732-6185,https://andressa-pessoa-arquitetura-e-interiores.negocio.site/?utm_source=gmb&utm_medium=referral
49,Lucas Arruda,5.0,1.0,Architect,"R. Benjamin Constant, 170 - Estacao Velha, Campina Grande - PB, 58410-003, Brazil","{'friday': '8AM–6PM', 'saturday': 'Closed', 'sunday': 'Closed', 'monday': '8AM–6PM', 'tuesday': '8AM–6PM', 'wednesday': '8AM–6PM', 'thursday': '8AM–6PM'}",+55 83 99859-3632,https://www.instagram.com/lucasarrudaarq/
50,Mariane Almeida - arquitetura e interiores,,,Architect,"R. Vice-Prefeito Antônio de Carvalho Sousa 450, Estacao Velha, Campina Grande - PB, 58410-050, Brazil","{'friday': '8AM–12PM', 'saturday': 'Closed', 'sunday': 'Closed', 'monday': '8AM–12PM', 'tuesday': '8AM–12PM', 'wednesday': '8AM–12PM', 'thursday': '8AM–12PM'}",+55 83 98811-9976,
51,Kati Diniz Arquitetura,,,Architect,"R. Dom Pedro II, 318 - Sala 001 - Centro, Campina Grande - PB, 58400-062, Brazil",,+55 83 98899-7902,
52,Crispim Arquitetura,,,Architect,"R. Nilo Peçanha, 84 - Prata, Campina Grande - PB, 58400-515, Brazil","{'friday': '2–6PM', 'saturday': 'Closed', 'sunday': 'Closed', 'monday': '2–6PM', 'tuesday': '2–6PM', 'wednesday': '2–6PM', 'thursday': '2–6PM'}",+55 83 3343-1807,https://www.facebook.com/crispimarquitetura
53,BM Arquitetura e Design,4.5,2.0,Interior architect office,"R. Dom Pedro II, 479 - Centro, Campina Grande - PB, 58400-062, Brazil","{'friday': '8AM–1PM', 'saturday': 'Closed', 'sunday': 'Closed', 'monday': '8AM–6PM', 'tuesday': '8AM–6PM', 'wednesday': '8AM–6PM', 'thursday': '8AM–6PM'}",+55 83 3063-1587,
54,Eugênio Aquino Arquitetura e Design,,,Architect,"R. José Silvestre Soares, 417 - Jardim Tavares, Campina Grande - PB, 58402-056, Brazil","{'friday': '8AM–6PM', 'saturday': 'Closed', 'sunday': 'Closed', 'monday': '8AM–6PM', 'tuesday': '8AM–6PM', 'wednesday': '8AM–6PM', 'thursday': '8AM–6PM'}",+55 83 98882-3842,
55,Caroá Arquitetura & Urbanismo,,,Architect,"Edifícil Maanaim Center, R. Sebastião Donato, 25 - Sala 123 - Centro, Campina Grande - PB, 58400-030, Brazil","{'friday': '8AM–12PM', 'saturday': 'Closed', 'sunday': 'Closed', 'monday': '8AM–12PM', 'tuesday': '8AM–12PM', 'wednesday': '8AM–12PM', 'thursday': '8AM–12PM'}",+55 83 3063-2624,
56,Unité Arquitetura e Interiores,,,Architect,"R. Vigário. Calixto, 1754 - Empresarial Atlanta, Sala 518, Campina Grande - PB, 58410-340, Brazil","{'friday': '8–11AM', 'saturday': 'Closed', 'sunday': 'Closed', 'monday': '8–11AM', 'tuesday': '8–11AM', 'wednesday': '8–11AM', 'thursday': '8–11AM'}",+55 83 99313-0316,
57,Avip arquitetura,,,Architect,"Rua Marquês do Herval, 21 - 1º Andar - Centro, Campina Grande - PB, 58400-087, Brazil","{'friday': '8AM–5:30PM', 'saturday': 'Closed', 'sunday': 'Closed', 'monday': '8AM–5:30PM', 'tuesday': '8AM–5:30PM', 'wednesday': '8AM–5:30PM', 'thursday': '8AM–5:30PM'}",+55 83 99142-3017,
58,D & R Arquitetura e Ambientação,,,Architect,"Rua Vice Prefeito Antônio C Sousa 265 - ap 303, PB, 58410-050, Brazil",,+55 83 3341-4580,
59,Trinitá Arquitetura para Saúde,,,Architect,"R. Otaviano Bezerra da Cunha, 101 - Bela Vista, Campina Grande - PB, 58428-774, Brazil","{'friday': '8AM–6PM', 'saturday': 'Closed', 'sunday': 'Closed', 'monday': '8AM–6PM', 'tuesday': '8AM–6PM', 'wednesday': '8AM–6PM', 'thursday': '8AM–6PM'}",+55 83 99610-6423,
60,Modern Arquitetura e Urbanismo,5.0,5.0,Architect,,"{'friday': '8AM–6PM', 'saturday': 'Closed', 'sunday': 'Closed', 'monday': '8AM–6PM', 'tuesday': '8AM–6PM', 'wednesday': '8AM–6PM', 'thursday': '8AM–6PM'}",+55 83 99616-9810,https://modernarquitetura.com.br/
61,Studio MRH Arquitetura,5.0,1.0,Architect,"R. Manoel Tavares, 1435 - Sala 07 - Alto Branco, Campina Grande - PB, 58401-490, Brazil","{'friday': '1–5PM', 'saturday': 'Closed', 'sunday': 'Closed', 'monday': '1–5PM', 'tuesday': '1–5PM', 'wednesday': '1–5PM', 'thursday': '1–5PM'}",+55 83 98629-2418,http://www.studiomrh.com/
62,RR ARQUITETURA,,,Architect,"R. Cap. João Alves de Lira, 1125 - Sala 103 - Prata, Campina Grande - PB, 58400-560, Brazil","{'friday': '8AM–5PM', 'saturday': 'Closed', 'sunday': 'Closed', 'monday': '8AM–5PM', 'tuesday': '8AM–5PM', 'wednesday': '8AM–5PM', 'thursday': '8AM–5PM'}",,https://www.rrarquitetura.com.br/
63,DoisB Arquitetos Associados,5.0,3.0,Architect,"Empresarial Moura Ramadan, R. Otacílio Nepomuceno, 70 - Sala 304 - Catolé, Campina Grande - PB, 58410-653, Brazil","{'friday': '8AM–12PM', 'saturday': 'Closed', 'sunday': 'Closed', 'monday': '8AM–12PM', 'tuesday': '8AM–12PM', 'wednesday': '8AM–12PM', 'thursday': '8AM–12PM'}",+55 83 99639-1159,http://instagram.com/doisb.arquitetos
64,Aline Alves Arquiteta,,,Architect,"R. Ver. Benedito Mota, 570 - Alto Branco, Campina Grande - PB, 58401-718, Brazil","{'friday': '8AM–6PM', 'saturday': '9AM–1PM', 'sunday': 'Closed', 'monday': '8AM–6PM', 'tuesday': '8AM–6PM', 'wednesday': '8AM–6PM', 'thursday': '8AM–6PM'}",+55 83 98220-4020,
65,Renata Wanderley Arquitetura e Interiores,,,Landscape architect,"Ed. San Pietro, R. Montevidéu, 720 - Sala 04 - Prata, Campina Grande - PB, 58428-790, Brazil","{'friday': '8AM–12PM', 'saturday': 'Closed', 'sunday': 'Closed', 'monday': '8AM–12PM', 'tuesday': '8AM–12PM', 'wednesday': '8AM–12PM', 'thursday': '8AM–12PM'}",+55 83 3322-3165,
66,Emilio Araújo Arquiteto,,,Architect,"Complexo Heron Marinho, R. José Bernardino, Sala 1308 - Vila Cabral, Campina Grande - PB, 58408-000, Brazil","{'friday': '9AM–8PM', 'saturday': '8AM–12PM', 'sunday': 'Closed', 'monday': '9AM–8PM', 'tuesday': '9AM–8PM', 'wednesday': '9AM–8PM', 'thursday': '9AM–8PM'}",+55 83 98902-4453,https://www.instagram.com/emilioaraujoarquiteto/
67,Escritório de Arquiteto Alexandre Magno,,,Architect,"R. Carlos Chagas, 53 - São José, Campina Grande - PB, 58400-398, Brazil",,+55 83 3343-1316,
68,Rodrigo Duda Arquiteto,5.0,2.0,Architect,"R. Antônio Guedes de Andrade, 137 - Catolé, Campina Grande - PB, 58410-223, Brazil","{'friday': '8AM–6PM', 'saturday': 'Closed', 'sunday': 'Closed', 'monday': '8AM–6PM', 'tuesday': '8AM–6PM', 'wednesday': '8AM–6PM', 'thursday': '8AM–6PM'}",+55 83 99964-6526,
69,Arquiteto - Carlos Alberto Almeida,,,Architect,"R. Dr. João Taváres, 299 - Centro, Campina Grande - PB, 58400-248, Brazil","{'friday': '8–11:30AM', 'saturday': 'Closed', 'sunday': 'Closed', 'monday': '8–11:30AM', 'tuesday': '8–11:30AM', 'wednesday': '8–11:30AM', 'thursday': '8–11:30AM'}",+55 83 3321-2633,
70,UNº Studio Arquitetura,,,Architect,"R. Pres. Costa e Silva, 130 - Sala 02 - Santa Rosa, Campina Grande - PB, 58416-336, Brazil","{'friday': '8AM–6PM', 'saturday': 'Closed', 'sunday': 'Closed', 'monday': '8AM–6PM', 'tuesday': '8AM–6PM', 'wednesday': '8AM–6PM', 'thursday': '8AM–6PM'}",+55 83 98732-2972,https://www.instagram.com/unstudioarquitetura/
71,Oficina de Projetos,,,Architect,"Av. Pres. Getúlio Vargas, 461 - Centro, Campina Grande - PB, 58400-052, Brazil","{'friday': '8AM–12PM', 'saturday': 'Closed', 'sunday': 'Closed', 'monday': '8AM–12PM', 'tuesday': '8AM–12PM', 'wednesday': '8AM–12PM', 'thursday': '8AM–12PM'}",+55 83 3322-2419,
72,Amanda Ribeiro Barros l Arquitetura Campina Grande - Paraíba,,,Architect,,"{'friday': '8AM–6PM', 'saturday': 'Closed', 'sunday': 'Closed', 'monday': '8AM–6PM', 'tuesday': '8AM–6PM', 'wednesday': '8AM–6PM', 'thursday': '8AM–6PM'}",+55 83 98642-9275,https://www.amandaribeirobarros.com/
73,Renata Tomaz Arquitetura,5.0,1.0,Interior architect office,"Centro Jurídico Ronaldo Cunha Lima, R. Vice-Prefeito Antônio de Carvalho Sousa, 450 - sala 1013 - Estacao Velha, Campina Grande - PB, 58410-050, Brazil","{'friday': '8AM–6PM', 'saturday': 'Closed', 'sunday': 'Closed', 'monday': '8AM–6PM', 'tuesday': '8AM–6PM', 'wednesday': '8AM–6PM', 'thursday': '8AM–6PM'}",+55 83 98836-4480,
74,CA Arquitetura,5.0,1.0,Interior architect office,"R. Duque de Caxias, 492 - Sala 102 - Prata, Campina Grande - PB, 58400-565, Brazil","{'friday': '8AM–12PM', 'saturday': 'Closed', 'sunday': 'Closed', 'monday': '8AM–12PM', 'tuesday': '8AM–12PM', 'wednesday': '8AM–12PM', 'thursday': '8AM–12PM'}",+55 83 98131-3324,https://calebeas4.wixsite.com/website-1
75,Contemporanea,,,Architect,"R. Luíza Bezerra Mota, 200 - Catolé, Campina Grande - PB, 58410-410, Brazil",,+55 83 2101-8132,http://acontemporanea.com.br/contato/
76,Clara Lima Arquitetura,5.0,2.0,Corporate office,"R. Vig. Calixto, 508 - sala 204 - Catolé, Campina Grande - PB, 58410-340, Brazil","{'friday': '8AM–6PM', 'saturday': 'Closed', 'sunday': 'Closed', 'monday': '8AM–6PM', 'tuesday': '8AM–6PM', 'wednesday': '8AM–6PM', 'thursday': '8AM–6PM'}",+55 83 98863-7684,
77,Uzina Arquitetura,,,Architect,"Av. Jorn. Assis Chateaubriand, 3581 - Estacao Velha, Campina Grande - PB, 58411-450, Brazil","{'friday': '8:30AM–6PM', 'saturday': 'Closed', 'sunday': 'Closed', 'monday': '8:30AM–6PM', 'tuesday': '8:30AM–6PM', 'wednesday': '8:30AM–6PM', 'thursday': '8:30AM–6PM'}",+55 83 99188-4600,https://www.instagram.com/uzina.arq/
78,Rebeka Farias Arquitetura,,,Interior architect office,"Empresarial 12 de Outubro, R. Antônio Guedes de Andrade, 199 - Catolé, Campina Grande - PB, 58410-223, Brazil","{'friday': '8AM–12PM', 'saturday': 'Closed', 'sunday': 'Closed', 'monday': '8AM–12PM', 'tuesday': '8AM–12PM', 'wednesday': '8AM–12PM', 'thursday': '8AM–12PM'}",+55 83 99838-3276,http://www.instagram.com/rebekafariasarquitetura/
79,Atemporal Arquitetura,4.7,3.0,Corporate office,"R. Manoel Tavares, 700 - SALA 107 - Lauritzen, Campina Grande - PB, 58402-548, Brazil","{'friday': '8AM–6PM', 'saturday': 'Closed', 'sunday': 'Closed', 'monday': '8AM–6PM', 'tuesday': '8AM–6PM', 'wednesday': '8AM–6PM', 'thursday': '8AM–6PM'}",+55 83 98879-1858,
80,Atemporal Arquitetura,4.7,3.0,Corporate office,"R. Manoel Tavares, 700 - SALA 107 - Lauritzen, Campina Grande - PB, 58402-548, Brazil","{'friday': '8AM–6PM', 'saturday': 'Closed', 'sunday': 'Closed', 'monday': '8AM–6PM', 'tuesday': '8AM–6PM', 'wednesday': '8AM–6PM', 'thursday': '8AM–6PM'}",+55 83 98879-1858,
81,AJ ARQUITETURA,,,Interior architect office,"Rua Vigário Calixto, nº 1754 Sala 207, 2º Andar, Catolé, Campina Grande - PB, 58410-600, Brazil",,+55 83 98775-6255,
82,KPRI Arquitetura,,,Interior architect office,"R. João Machado, n 267 - 1° Andar, Sala 04 - Prata, Campina Grande - PB, 58400-510, Brazil","{'friday': '8AM–5PM', 'saturday': 'Closed', 'sunday': 'Closed', 'monday': '8AM–5PM', 'tuesday': '8AM–5PM', 'wednesday': '8AM–5PM', 'thursday': '8AM–5PM'}",,
83,Plano Arquitetura|Design,5.0,1.0,Corporate office,"R. Nilo Peçanha - Prata, Campina Grande - PB, 58400-515, Brazil","{'friday': '8AM–5PM', 'saturday': 'Closed', 'sunday': 'Closed', 'monday': '8AM–5PM', 'tuesday': '8AM–5PM', 'wednesday': '8AM–5PM', 'thursday': '8AM–5PM'}",+55 83 99645-1551,
84,Elsilac Júnior Arquitetura,,,Interior architect office,"R. Sólon de Lucena, 98 - Centro, Campina Grande - PB, 58400-280, Brazil","{'friday': '8AM–6PM', 'saturday': 'Closed', 'sunday': 'Closed', 'monday': '8AM–6PM', 'tuesday': '8AM–6PM', 'wednesday': '8AM–6PM', 'thursday': '8AM–6PM'}",+55 83 99689-3020,https://www.instagram.com/ej.arq/
85,Hillary Pereira Arquiteta,,,Interior architect office,"R. Severino Cândido Fernandes, 135 - Catolé, Campina Grande - PB, 58410-453, Brazil","{'friday': '8:30AM–6PM', 'saturday': 'Closed', 'sunday': 'Closed', 'monday': '8:30AM–6PM', 'tuesday': '8:30AM–6PM', 'wednesday': '8:30AM–6PM', 'thursday': '8:30AM–6PM'}",+55 83 99397-4314,https://bityli.com/DIYLf6
86,Ana Glícia Figueiredo - arquitetura e interiores,,,Interior architect office,"R. Otacílio Nepomuceno - Catolé, Campina Grande - PB, 58402-160, Brazil",,+55 83 98802-8350,
87,NM ARQUITETURA E URBANISMO LTDA,,,Interior architect office,"R. Manoel Tavares, n° 875 - Sala 300 - Alto Branco, Campina Grande - PB, 58401-490, Brazil",,,https://instagram.com/natalymacedo.arq?utm_medium=copy_link
88,Vanêssa Maria - Arquiteta & Urbanista,5.0,3.0,Architect,"R. Vig. Calixto - Catolé, Campina Grande - PB, 58410-340, Brazil",,+55 83 3337-1973,http://vanessamaria1.vitrinevirtual.net/
89,Clariô Arquitetura,,,Interior architect office,"Rua Vigário Calixto, 1754 Empresarial Atlanta, Sala 507 - Catolé, Campina Grande - PB, 58410-340, Brazil","{'friday': '8AM–6PM', 'saturday': 'Closed', 'sunday': 'Closed', 'monday': '8AM–6PM', 'tuesday': '8AM–6PM', 'wednesday': '8AM–6PM', 'thursday': '8AM–6PM'}",+55 83 99683-0782,https://www.instagram.com/clario_arquitetura/
90,Renata Rosado,,,Architect,"R. Siqueira Campos, 270 - Prata, Campina Grande - PB, 58400-525, Brazil","{'friday': '8AM–12PM', 'saturday': '8AM–12PM', 'sunday': 'Closed', 'monday': '8AM–12PM', 'tuesday': '8AM–12PM', 'wednesday': '8AM–12PM', 'thursday': '8AM–12PM'}",+55 83 98898-8479,
91,HOME EXPRESS,5.0,2.0,Interior architect office,"R. Dr. João Moura, 318 - São José, Campina Grande - PB, 58400-344, Brazil","{'friday': '8AM–6PM', 'saturday': 'Closed', 'sunday': 'Closed', 'monday': '8AM–6PM', 'tuesday': '8AM–6PM', 'wednesday': '8AM–6PM', 'thursday': '8AM–6PM'}",+55 83 3066-3172,
92,Galeria 29 Arquitetura,,,Interior architect office,"R. Sebastião Viêira da Silva, 1395 - Catolé, Campina Grande - PB, 58410-612, Brazil",,,
93,Seleto Arquitetura e Design,,,Interior architect office,"R. Vig. Calixto, 1754 - Sala 108 - Catolé, Campina Grande - PB, 58410-340, Brazil","{'friday': '8AM–7PM', 'saturday': '8AM–12PM', 'sunday': 'Closed', 'monday': '8AM–7PM', 'tuesday': '8AM–7PM', 'wednesday': '8AM–7PM', 'thursday': '8AM–7PM'}",+55 83 98826-9312,
94,Arquitet Engnharia,5.0,1.0,Architect,"R. Quintino Bocaiúva, 278 - Palmeira, Campina Grande - PB, 58400-008, Brazil","{'friday': '9AM–5:30PM', 'saturday': 'Closed', 'sunday': 'Closed', 'monday': '9AM–5:30PM', 'tuesday': '9AM–5:30PM', 'wednesday': '9AM–5:30PM', 'thursday': '9AM–5:30PM'}",+55 83 3322-9325,http://arquitet-engenharia.webnode.com/
95,Erica Moura Arquiteta & Urbanista,,,Interior architect office,,"{'friday': '9AM–5PM', 'saturday': 'Closed', 'sunday': 'Closed', 'monday': '9AM–5PM', 'tuesday': '9AM–5PM', 'wednesday': '9AM–5PM', 'thursday': '9AM–5PM'}",+55 83 99615-9444,https://erica-moura-arquiteta-urbanista.negocio.site/?utm_source=gmb&utm_medium=referral
96,Sousa Arquitetura,5.0,1.0,Coworking space,"R. João Machado, 267 267 - Prata, Campina Grande - PB, 58400-510, Brazil","{'friday': '8AM–5PM', 'saturday': '8AM–5PM', 'sunday': '8AM–5PM', 'monday': '8AM–5PM', 'tuesday': '8AM–5PM', 'wednesday': '8AM–5PM', 'thursday': '8AM–5PM'}",+55 83 98731-4901,
97,Melo & Brito Arquitetura e Interiores,,,Architecture firm,"R. Quebra Quilos, 47 - Centro, Campina Grande - PB, 58400-208, Brazil",,+55 83 98159-8339,
98,Alvorada Arquitetura Projetos e Consultorias,,,Corporate office,"R. Vice-Prefeito Antonio de C. Souza - Estacao Velha, Campina Grande - PB, 58410-050, Brazil","{'friday': '8AM–6PM', 'saturday': 'Closed', 'sunday': 'Closed', 'monday': '8AM–6PM', 'tuesday': '8AM–6PM', 'wednesday': '8AM–6PM', 'thursday': '8AM–6PM'}",+55 83 98803-7596,
99,Adapte Home,5.0,6.0,Architect,"Rua Professora Yayá Melo, 424 - Jardim Quarenta, Campina Grande - PB, 58416-085, Brazil","{'friday': 'Open 24 hours', 'saturday': 'Open 24 hours', 'sunday': 'Open 24 hours', 'monday': 'Open 24 hours', 'tuesday': 'Open 24 hours', 'wednesday': 'Open 24 hours', 'thursday': 'Open 24 hours'}",+55 83 99303-8786,
100,Arq. Fabiana Florentino,,,Interior architect office,"R. Benjamin Constant, 170 - Estacao Velha, Campina Grande - PB, 58410-003, Brazil","{'friday': '8AM–6PM', 'saturday': 'Closed', 'sunday': 'Closed', 'monday': '8AM–6PM', 'tuesday': '8AM–6PM', 'wednesday': '8AM–6PM', 'thursday': '8AM–6PM'}",+55 83 98879-1858,https://www.instagram.com/fabianaflorentino.arq/
101,Carvalho Arquitetura e Engenharia,,,Construction company,"Avenida, R. Manoel Tavares, 875 - Sala 105 - Alto Branco, Campina Grande - PB, 58401-490, Brazil","{'friday': '8AM–6PM', 'saturday': 'Closed', 'sunday': 'Closed', 'monday': '8AM–6PM', 'tuesday': '8AM–6PM', 'wednesday': '8AM–6PM', 'thursday': '8AM–6PM'}",+55 83 98600-7229,https://carvalhoarqenge.wixsite.com/arqenge
102,A4 Arquitetura,,,Corporate office,"R. Maria Minervina Figueiredo, 21 - Catolé, Campina Grande - PB, 58410-118, Brazil","{'friday': '8AM–5PM', 'saturday': '8AM–12PM', 'sunday': 'Closed', 'monday': '8AM–5PM', 'tuesday': '8AM–5PM', 'wednesday': '8AM–5PM', 'thursday': '8AM–5PM'}",,
103,Terceiro traço,,,Interior architect office,"R. Antenor Navarro, 330 - Prata, Campina Grande - PB, 58400-520, Brazil","{'friday': '9AM–5PM', 'saturday': 'Closed', 'sunday': 'Closed', 'monday': '9AM–5PM', 'tuesday': '9AM–5PM', 'wednesday': '9AM–5PM', 'thursday': '9AM–5PM'}",+55 83 99633-4815,
104,Marco Túlio Diniz Arquitetura e Construção,,,Construction company,"R. Prudente de Morais, 61 - Estacao Velha, Campina Grande - PB, 58410-040, Brazil",,+55 83 3342-9542,
105,TA arquitetura,,,Corporate office,"R. Getúlio Cavalcante, 717 - 02 - Tambor, Campina Grande - PB, 58414-750, Brazil",,,
106,Saulo Sidny - Arquitetura e interiores,,,Architect,"Professora Luisa de castro, Campina Grande - PB, 58441-000, Brazil","{'friday': '9AM–5PM', 'saturday': '9AM–12PM', 'sunday': 'Closed', 'monday': '9AM–5PM', 'tuesday': '9AM–5PM', 'wednesday': '9AM–5PM', 'thursday': '9AM–5PM'}",+55 83 99175-5310,
107,Kamila Araujo Arquitetura e Urbanismo,,,Architect,,"{'friday': '8AM–6PM', 'saturday': 'Closed', 'sunday': 'Closed', 'monday': '8AM–6PM', 'tuesday': '8AM–6PM', 'wednesday': '8AM–6PM', 'thursday': '8AM–6PM'}",+55 83 98819-5716,
108,Villas Arquitetos,,,Architects association,"Rua Luís de Melo, 220 Prata_, Prata, Campina Grande - PB, 58400-545, Brazil","{'friday': '8AM–6PM', 'saturday': 'Closed', 'sunday': 'Closed', 'monday': '8AM–6PM', 'tuesday': '8AM–6PM', 'wednesday': '8AM–6PM', 'thursday': '8AM–6PM'}",+55 83 99355-2227,http://www.villasarquitetos.com.br/
109,HABITAR - Projetos BIM - arquitetura e engenharia,,,Civil engineering company,,"{'friday': 'Open 24 hours', 'saturday': 'Open 24 hours', 'sunday': 'Open 24 hours', 'monday': 'Open 24 hours', 'tuesday': 'Open 24 hours', 'wednesday': 'Open 24 hours', 'thursday': 'Open 24 hours'}",+55 83 98649-9729,
110,Arquitetura e Urbanismo CW II,5.0,1.0,Architecture school,"R. Aprígio Veloso, 743 - Universitário, Campina Grande - PB, Brazil",,,
111,Rojas Arquitetura,,,Architect,,"{'friday': '9AM–8PM', 'saturday': 'Closed', 'sunday': 'Closed', 'monday': '9AM–8PM', 'tuesday': '9AM–8PM', 'wednesday': '9AM–8PM', 'thursday': '9AM–8PM'}",+55 83 98670-7707,https://www.instagram.com/rojasarquitetura/
112,A3 STUDIO,,,Architecture firm,"R. Estelita Cruz, 894 - Alto Branco, Campina Grande - PB, 58400-152, Brazil",,+55 987115585,
113,Estima Arquitetura,5.0,19.0,Architect,"R. Severino Banja da Silva, 48 - Caja, Carpina - PE, 55813-590, Brazil","{'friday': '8AM–7PM', 'saturday': '8AM–7PM', 'sunday': 'Closed', 'monday': '8AM–7PM', 'tuesday': '8AM–7PM', 'wednesday': '8AM–7PM', 'thursday': '8AM–7PM'}",+55 81 99796-4571,https://estimaarquitetura.com/
114,MGomes.Arquiteturaeinteriores,,,Architecture firm,"R. Antônio Campos, 527 - Lauritzen, Campina Grande - PB, 58401-399, Brazil","{'friday': '7AM–5PM', 'saturday': 'Closed', 'sunday': 'Closed', 'monday': '8AM–6PM', 'tuesday': '7AM–5PM', 'wednesday': '7AM–5PM', 'thursday': '7AM–5PM'}",+55 83 99975-2222,
115,Patricia Marcolino - Arquitetos Associados,5.0,39.0,Architect,"Av. Nascimento de Castro, 1730 - Lagoa Nova, Natal - RN, 59056-450, Brazil","{'friday': '8AM–5PM', 'saturday': 'Closed', 'sunday': 'Closed', 'monday': '8AM–5PM', 'tuesday': '8AM–5PM', 'wednesday': '8AM–5PM', 'thursday': '8AM–5PM'}",+55 84 4141-2835,http://patriciamarcolinoarq.com.br/
116,Philipe Neander Complexo Arquitetura,,,Corporate office,"R. Otacílio Nepomuceno - Catolé, Campina Grande - PB, 58410-160, Brazil","{'friday': '8AM–6PM', 'saturday': 'Closed', 'sunday': 'Closed', 'monday': '8AM–6PM', 'tuesday': '8AM–6PM', 'wednesday': '8AM–6PM', 'thursday': '8AM–6PM'}",+55 83 99303-5514,
117,Coordenação do Curso de Arquitetura e Urbanismo - UFCG,5.0,1.0,University department,"R. Aprígio Veloso - Universitário, Campina Grande - PB, 58428-830, Brazil","{'friday': '8AM–5PM', 'saturday': 'Closed', 'sunday': 'Closed', 'monday': '8AM–5PM', 'tuesday': '8AM–5PM', 'wednesday': '8AM–5PM', 'thursday': '8AM–5PM'}",+55 83 2101-1264,https://www.facebook.com/arquiteturaurbanismoUFCG/
118,Amadeu Projetos e Construções,4.9,7.0,Corporate office,"R. Dom Pedro II, 900 - Centro, Campina Grande - PB, 58400-062, Brazil","{'friday': '8AM–6PM', 'saturday': 'Closed', 'sunday': 'Closed', 'monday': '8AM–6PM', 'tuesday': '8AM–6PM', 'wednesday': '8AM–6PM', 'thursday': '8AM–6PM'}",+55 83 3341-6017,
119,diego medeiros arquitetura,,,Architecture firm,,"{'friday': '8AM–6PM', 'saturday': 'Closed', 'sunday': 'Closed', 'monday': '8AM–6PM', 'tuesday': '8AM–6PM', 'wednesday': '8AM–6PM', 'thursday': '8AM–6PM'}",+55 83 99673-8664,https://www.instagram.com/arquitetodiegomedeiros/
120,Coordenação do Curso de Arquitetura e Urbanismo - UFCG,5.0,1.0,University department,"R. Aprígio Veloso - Universitário, Campina Grande - PB, 58428-830, Brazil","{'friday': '8AM–5PM', 'saturday': 'Closed', 'sunday': 'Closed', 'monday': '8AM–5PM', 'tuesday': '8AM–5PM', 'wednesday': '8AM–5PM', 'thursday': '8AM–5PM'}",+55 83 2101-1264,https://www.facebook.com/arquiteturaurbanismoUFCG/
121,Amadeu Projetos e Construções,4.9,7.0,Corporate office,"R. Dom Pedro II, 900 - Centro, Campina Grande - PB, 58400-062, Brazil","{'friday': '8AM–6PM', 'saturday': 'Closed', 'sunday': 'Closed', 'monday': '8AM–6PM', 'tuesday': '8AM–6PM', 'wednesday': '8AM–6PM', 'thursday': '8AM–6PM'}",+55 83 3341-6017,
122,MR2 Arquitetura,5.0,1.0,Architect,"R. Cazuza Barreto, 137 - Estacao Velha, Campina Grande - PB, 58410-012, Brazil","{'friday': '8AM–6PM', 'saturday': 'Closed', 'sunday': 'Closed', 'monday': '8AM–6PM', 'tuesday': '8AM–6PM', 'wednesday': '8AM–6PM', 'thursday': '8AM–6PM'}",,
123,Esquadio arquitetura e urbanismo,,,Architect,,"{'friday': '8AM–6PM', 'saturday': 'Closed', 'sunday': 'Closed', 'monday': '8AM–6PM', 'tuesday': '8AM–6PM', 'wednesday': '8AM–6PM', 'thursday': '8AM–6PM'}",+55 83 98211-2995,
124,diego medeiros arquitetura,,,Architecture firm,,"{'friday': '8AM–6PM', 'saturday': 'Closed', 'sunday': 'Closed', 'monday': '8AM–6PM', 'tuesday': '8AM–6PM', 'wednesday': '8AM–6PM', 'thursday': '8AM–6PM'}",+55 83 99673-8664,https://www.instagram.com/arquitetodiegomedeiros/
125,PONTO3 ARQUITETURA,4.5,2.0,Architect,"Av. Silvino Chaves, 360 - Manaíra, João Pessoa - PB, 58038-420, Brazil","{'friday': '8AM–6PM', 'saturday': 'Closed', 'sunday': 'Closed', 'monday': '8AM–6PM', 'tuesday': '8AM–6PM', 'wednesday': '8AM–6PM', 'thursday': '8AM–6PM'}",+55 83 3021-7189,
126,Pedro Paschoal,,,Architecture firm,"R. Tomás Soares de Souza, 170 - Sala 02 - Catolé, Campina Grande - PB, 58410-235, Brazil",,+55 83 2148-5847,http://pedropaschoal.com.br/
127,Anissa Ayala Arquitetura & Interiores,,,Architect,"R. Antônio Diogo - Bairro Novo, Guarabira - PB, 58200-000, Brazil",,+55 83 99622-7164,https://anissa-ayala-arquitetura-interiores.negocio.site/?utm_source=gmb&utm_medium=referral
128,Lins Arquitetos Associados,5.0,8.0,Architect,"Rua Manoel Miguel dos Santos, 330, Jardim Gonzaga, Juazeiro do Norte - CE, 63046-190, Brazil","{'friday': '9AM–12PM', 'saturday': 'Closed', 'sunday': 'Closed', 'monday': '9AM–12PM', 'tuesday': '9AM–12PM', 'wednesday': '9AM–12PM', 'thursday': '9AM–12PM'}",+55 88 2156-2745,https://www.linsarquitetos.com.br/
129,NEBR arquitetura,,,Architect,"Bairro Novo, Carpina - PE, 55819-317, Brazil",,,
130,Ponto Fixo Engenharia,5.0,41.0,Agricultural engineer,"Av. Jorn. Assis Chateaubriand, 753 Subsolo - Sala 12 - Estacao Velha, Campina Grande - PB, 58410-062, Brazil","{'friday': '8AM–6PM', 'saturday': 'Closed', 'sunday': 'Closed', 'monday': '8AM–6PM', 'tuesday': '8AM–6PM', 'wednesday': '8AM–6PM', 'thursday': '8AM–6PM'}",+55 83 99908-4072,
131,Zare Arquitetura e Engenharia,,,Architecture firm,"Av. Venâncio Neiva, 296 - 1º Andar, Sala 01 - Centro, Ingá - PB, 58380-000, Brazil","{'friday': '8AM–5PM', 'saturday': '8AM–5PM', 'sunday': 'Closed', 'monday': '8AM–5PM', 'tuesday': '8AM–5PM', 'wednesday': '8AM–5PM', 'thursday': '8AM–5PM'}",+55 83 99403-5462,
132,Planeje Arquitetura e Consultoria,5.0,1.0,Architect,"Rua Promotor Manoel Alves Pessoa Neto, 45 Empresarial Office Tower, Sala 1704 - Candelária, Natal - RN, 59065-555, Brazil","{'friday': '8AM–12PM', 'saturday': 'Closed', 'sunday': 'Closed', 'monday': '8AM–12PM', 'tuesday': '8AM–12PM', 'wednesday': '8AM–12PM', 'thursday': '8AM–12PM'}",+55 84 4141-0418,https://www.planejearquitetura.com.br/
133,Docomomo Brasil,4.3,3.0,Non-profit organization,"R. Aprígio Veloso, 882 - Universitário, Campina Grande - PB, 58429-900, Brazil",,+55 83 2101-1742,https://docomomobrasil.com/
134,RPaiva Arquitetura e Interiores,5.0,1.0,Interior architect office,"R. Jose Alvino de Lima - Boa Vista, Jataúba - PE, 55180-000, Brazil","{'friday': '8:30AM–4PM', 'saturday': 'Closed', 'sunday': 'Closed', 'monday': '8:30AM–6PM', 'tuesday': '8:30AM–6PM', 'wednesday': '8:30AM–6PM', 'thursday': '8:30AM–6PM'}",+55 81 98186-6200,http://www.facebook.com/rpaiva.arquitetura/?ref=aymt_homepage_panel
135,Deyse.arq,,,Interior architect office,,"{'friday': '8AM–6PM', 'saturday': 'Closed', 'sunday': 'Closed', 'monday': '8AM–6PM', 'tuesday': '8AM–6PM', 'wednesday': '8AM–6PM', 'thursday': '8AM–6PM'}",+55 83 98624-3990,https://www.deysearq.com.br/
136,Pacta Engenharia,5.0,1.0,Construction company,"Rua José Bernardino, N° 97 Complexo Heron Marinho, Sala 1409, Vila Cabral, Campina Grande - PB, 58408-027, Brazil","{'friday': 'Open 24 hours', 'saturday': 'Open 24 hours', 'sunday': 'Open 24 hours', 'monday': 'Open 24 hours', 'tuesday': 'Open 24 hours', 'wednesday': 'Open 24 hours', 'thursday': 'Open 24 hours'}",+55 83 99989-2558,https://www.instagram.com/pactaengenharia/
137,Studio M4 Arquitetura,4.9,44.0,Architect,"BL E, SEPN 516, sala 301 - Asa Norte, Brasília - DF, 70770-520, Brazil","{'friday': '10AM–6PM', 'saturday': 'Closed', 'sunday': 'Closed', 'monday': '10AM–6PM', 'tuesday': '10AM–6PM', 'wednesday': '10AM–6PM', 'thursday': '10AM–6PM'}",+55 61 99569-7995,http://www.studiom4.com.br/
138,Rua Arquiteto Renato Azevedo,,,Bus stop,"Três Irmãs, Campina Grande - PB, 58423-590, Brazil",,,
139,Convive Construtora,5.0,3.0,Construction company,"R. Maciel Pinheiro, 312 - Centro, Campina Grande - PB, 58400-100, Brazil","{'friday': '8AM–6PM', 'saturday': 'Closed', 'sunday': 'Closed', 'monday': '8AM–6PM', 'tuesday': '8AM–6PM', 'wednesday': '8AM–6PM', 'thursday': '8AM–6PM'}",+55 83 3341-4600,
140,LabRua,5.0,3.0,School,"R. Lino Gomes da Silva, 177 - São José, Campina Grande - PB, 58400-360, Brazil","{'friday': 'Closed', 'saturday': 'Closed', 'sunday': 'Closed', 'monday': '2:30–6PM', 'tuesday': '2:30–6PM', 'wednesday': '2:30–6PM', 'thursday': '2:30–6PM'}",,http://labrua.org/
141,Mãe Luiza Acessível,5.0,1.0,Architecture firm,"R. João XXIII, 685 - Mãe Luíza, Natal - RN, 59014-000, Brazil","{'friday': '8AM–5PM', 'saturday': 'Closed', 'sunday': 'Closed', 'monday': '8AM–5PM', 'tuesday': '8AM–5PM', 'wednesday': '8:08AM–5PM', 'thursday': '8AM–5PM'}",+55 84 99955-0999,https://mae-luiza-acessivel.business.site/?utm_source=gmb&utm_medium=referral
142,Bevilacqua Arquitetura e Engenharia,5.0,29.0,Architect,"R. Viena, 203 - Jardim Oswaldo Cruz, São José dos Campos - SP, 12216-720, Brazil","{'friday': '9AM–6PM', 'saturday': 'Closed', 'sunday': 'Closed', 'monday': '9AM–5PM', 'tuesday': '9AM–5PM', 'wednesday': '9AM–6PM', 'thursday': '9AM–6PM'}",+55 12 3942-8477,http://www.bevilacqua.com.br/
143,Jacobsen Arquitetura,4.8,33.0,Architect,"Alameda Gabriel Monteiro da Silva, 1310 - Jardim Paulistano, São Paulo - SP, 01442-000, Brazil","{'friday': '10AM–7PM', 'saturday': 'Closed', 'sunday': 'Closed', 'monday': '10AM–7PM', 'tuesday': '10AM–7PM', 'wednesday': '10AM–7PM', 'thursday': '10AM–7PM'}",+55 11 3087-0600,https://jacobsenarquitetura.com/
144,Bernardes Arquitetura,4.8,22.0,Architect,"R. Iramaia, 105 - Jardim Europa, São Paulo - SP, 01450-020, Brazil","{'friday': '10AM–7PM', 'saturday': 'Closed', 'sunday': 'Closed', 'monday': '10AM–7PM', 'tuesday': '10AM–7PM', 'wednesday': '10AM–7PM', 'thursday': '10AM–7PM'}",+55 11 5185-0050,http://www.bernardesarq.com.br/
145,NR Arquitetura,4.8,4.0,Architect,"Avenida Luis Viana 6462 Torrre B Sala 808, Paralela, Salvador - BA, 41730-101, Brazil","{'friday': '9AM–1PM', 'saturday': 'Closed', 'sunday': 'Closed', 'monday': '9AM–1PM', 'tuesday': '9AM–1PM', 'wednesday': '9AM–1PM', 'thursday': '9AM–1PM'}",+55 71 3495-2724,https://www.instagram.com/nrarquitetura/?hl=pt-br
146,PB Arquitetura,5.0,20.0,Architect,"Alameda Caulim, 115 - Sala 710 - Cerâmica, São Caetano do Sul - SP, 09531-195, Brazil","{'friday': '9AM–6PM', 'saturday': '9AM–12PM', 'sunday': 'Closed', 'monday': '9AM–6PM', 'tuesday': '9AM–6PM', 'wednesday': '9AM–6PM', 'thursday': '9AM–6PM'}",+55 11 2311-1178,http://www.pbarquitetura.com.br/
147,Dluz Iluminação,4.5,6.0,Lighting store,"R. Santo Antônio, 57 - Santo Antônio, Campina Grande - PB, 58406-025, Brazil","{'friday': '8:30AM–6PM', 'saturday': '9AM–1PM', 'sunday': 'Closed', 'monday': '8:30AM–6PM', 'tuesday': '8:30AM–6PM', 'wednesday': '8:30AM–6PM', 'thursday': '8:30AM–6PM'}",+55 83 99366-7767,https://dluz-iluminacao.negocio.site/?utm_source=gmb&utm_medium=referral
148,BernardesArquitetura,4.9,19.0,Architect,"R. Corcovado, 250 - Jardim Botânico, Rio de Janeiro - RJ, 22460-050, Brazil","{'friday': '9AM–7PM', 'saturday': 'Closed', 'sunday': 'Closed', 'monday': '9AM–7PM', 'tuesday': '9AM–7PM', 'wednesday': '9AM–7PM', 'thursday': '9AM–7PM'}",+55 21 2512-7743,http://www.bernardesarq.com.br/
149,Tetro Arquitetura,5.0,13.0,Architect,"R. Arrudas, 245 - Sala 1 - Santa Lúcia, Belo Horizonte - MG, 30360-300, Brazil","{'friday': '9AM–6PM', 'saturday': 'Closed', 'sunday': 'Closed', 'monday': '9AM–6PM', 'tuesday': '9AM–6PM', 'wednesday': '9AM–6PM', 'thursday': '9AM–6PM'}",+55 31 3297-9419,http://www.tetro.com.br/
150,Modular Drywall,5.0,21.0,Dry wall supply store,"av professor, Av. Jorn. Assis Chateaubriand, 2950 - Tambor, Campina Grande - PB, 58414-300, Brazil","{'friday': '7:30AM–5:30PM', 'saturday': '8AM–12PM', 'sunday': 'Closed', 'monday': '7:30AM–5:30PM', 'tuesday': '7:30AM–5:30PM', 'wednesday': '7:30AM–5:30PM', 'thursday': '7:30AM–5:30PM'}",+55 83 2148-2699,https://www.instagram.com/modulardrywall/
151,Unidade Acadêmica de Engenharia Civil (UFCG),4.8,10.0,University department,"Bloco CM, Universitário, Campina Grande - PB, Brazil","{'friday': '8AM–12PM', 'saturday': 'Closed', 'sunday': 'Closed', 'monday': '8AM–12PM', 'tuesday': '8AM–12PM', 'wednesday': '8AM–12PM', 'thursday': '8AM–12PM'}",,http://ufcg.edu.br/
152,Todos Arquitetura,4.8,10.0,Architect,"Rua Haddock Lobo, 684 - 5º andar - Consolação, São Paulo - SP, 01414-001, Brazil","{'friday': '9AM–6PM', 'saturday': 'Closed', 'sunday': 'Closed', 'monday': '9AM–6PM', 'tuesday': '9AM–6PM', 'wednesday': '9AM–6PM', 'thursday': '9AM–6PM'}",+55 11 3154-0396,http://www.todosarquitetura.com/
153,Felipe Caboclo Arquitetura,5.0,11.0,Architect,"I, ED. CAMPUS OFFICES, Av. Plaza, 06 - conj 509 - Jardim Paraiso, Itu - SP, 13302-100, Brazil","{'friday': '8AM–6PM', 'saturday': 'Closed', 'sunday': 'Closed', 'monday': '8AM–6PM', 'tuesday': '8AM–6PM', 'wednesday': '8AM–6PM', 'thursday': '8AM–6PM'}",+55 11 2715-3842,http://felipecaboclo.com.br/
154,Borges Arquitetura do seu Tempo,4.4,9.0,Architect,"R. Centauro, 231 - 5 andar - Santa Lúcia, Belo Horizonte - MG, 30360-310, Brazil","{'friday': '8:30AM–6PM', 'saturday': 'Closed', 'sunday': 'Closed', 'monday': '8:30AM–6PM', 'tuesday': '8:30AM–6PM', 'wednesday': '8:30AM–6PM', 'thursday': '8:30AM–6PM'}",+55 31 3057-4344,http://www.giseleborges.arq.br/
155,Holy Family Chapel,5.0,49.0,Chapel,"R. Pedro Clementino, 208 - Itararé, Campina Grande - PB, 58411-108, Brazil",,,
156,PLUS arquitetura,4.8,18.0,Architect,"R. Santos Dumont, 406 - Centro, Tubarão - SC, 88701-611, Brazil","{'friday': '8:30AM–12PM', 'saturday': 'Closed', 'sunday': 'Closed', 'monday': '8:30AM–12PM', 'tuesday': '8:30AM–12PM', 'wednesday': '8:30AM–12PM', 'thursday': '8:30AM–12PM'}",+55 48 3622-1114,http://www.plusarquitetura.com/
157,Arquitetura Nacional,4.9,9.0,Architect,"R. Félix da Cunha, 711 - Floresta, Porto Alegre - RS, 90570-001, Brazil",,+55 51 3237-9476,http://www.arquiteturanacional.com.br/
158,Liga Arquitetura e Urbanismo,5.0,7.0,Architect,"R. Teixeira de Freitas, 704 - Santo Antônio, Belo Horizonte - MG, 30350-180, Brazil","{'friday': '9AM–6PM', 'saturday': 'Closed', 'sunday': 'Closed', 'monday': '9AM–6PM', 'tuesday': '9AM–6PM', 'wednesday': '9AM–6PM', 'thursday': '9AM–6PM'}",+55 31 99830-2277,http://www.liga.arq.br/
159,ES Arquitetura,4.8,13.0,Architect,"Bortoluzzi Center, R. João Pessoa, 45 - Centro, Criciúma - SC, 88801-530, Brazil","{'friday': '8AM–6PM', 'saturday': 'Closed', 'sunday': 'Closed', 'monday': '8AM–6PM', 'tuesday': '8AM–6PM', 'wednesday': '8AM–6PM', 'thursday': '8AM–6PM'}",+55 48 3045-4500,http://esarquitetura.com/
160,Tetriz Arquitetura E Interiores,4.1,10.0,Architect,"Av. Reg. Feijó, 944 - Vila Formosa, São Paulo - SP, 03342-000, Brazil","{'friday': '9AM–6PM', 'saturday': 'Closed', 'sunday': 'Closed', 'monday': '9AM–6PM', 'tuesday': '9AM–6PM', 'wednesday': '9AM–6PM', 'thursday': '9AM–6PM'}",+55 11 2656-9370,https://www.tetriz.com.br/
161,arquitetura legal,4.6,13.0,Architect,,"{'friday': '10AM–5PM', 'saturday': 'Closed', 'sunday': 'Closed', 'monday': '10AM–5PM', 'tuesday': '10AM–5PM', 'wednesday': '10AM–5PM', 'thursday': '10AM–5PM'}",+55 21 99296-2830,http://www.arquiteturalegal.arq.br/
162,Mobio Arquitetura,5.0,8.0,Architect,"R. Catete, 574 - Alto Barroca, Belo Horizonte - MG, 30431-016, Brazil","{'friday': '8AM–6PM', 'saturday': 'Closed', 'sunday': 'Closed', 'monday': '8AM–6PM', 'tuesday': '8AM–6PM', 'wednesday': '8AM–6PM', 'thursday': '8AM–6PM'}",+55 31 99741-7499,http://www.mobio.arq.br/
163,Dr. Thomas Oliveira,5.0,1.0,Sports medicine physician,"Complexo Heron Marinho - Sala 811,Rua José Bernardino da, R. Maria Elizabete Silva, 97 - Vila Cabral, Campina Grande - PB, 58408-000, Brazil","{'friday': '1–7PM', 'saturday': 'Closed', 'sunday': 'Closed', 'monday': '1–7PM', 'tuesday': '1–7PM', 'wednesday': '1–7PM', 'thursday': '1–7PM'}",+55 83 99412-2291,https://instagram.com/drthomasoliveira?utm_medium=copy_link
164,Arquitetura 8,5.0,6.0,Architect,"Alameda São Caetano, 71 - Jardim, Santo André - SP, 09070-210, Brazil","{'friday': '9AM–6PM', 'saturday': 'Closed', 'sunday': 'Closed', 'monday': '9AM–6PM', 'tuesday': '9AM–6PM', 'wednesday': '9AM–6PM', 'thursday': '9AM–6PM'}",+55 11 4427-5776,http://arquitetura8.com.br/
165,Fernando César Arquitetura,5.0,6.0,Architect,"R. Cosmos, 44 - Santa Lúcia, Belo Horizonte - MG, 30360-650, Brazil","{'friday': '9AM–5PM', 'saturday': 'Closed', 'sunday': 'Closed', 'monday': '9AM–5PM', 'tuesday': '9AM–5PM', 'wednesday': '9AM–5PM', 'thursday': '9AM–5PM'}",+55 31 98788-5546,http://fernandocesararq.com.br/
166,PJV Arquitetura,4.7,10.0,Architect,"R. Abraão João Francisco, 35 - Praia Alegre, Penha - SC, 88385-000, Brazil","{'friday': '8AM–6PM', 'saturday': 'Closed', 'sunday': 'Closed', 'monday': '8AM–6PM', 'tuesday': '8AM–6PM', 'wednesday': '8AM–6PM', 'thursday': '8AM–6PM'}",+55 47 3345-0535,https://pjvarquitetura.com.br/
167,Praça Clementino Procópio,3.7,299.0,Fairground,"Av. Mal. Floriano Peixoto - Jardim Tavares, Campina Grande - PB, 58402-000, Brazil","{'friday': 'Open 24 hours', 'saturday': 'Open 24 hours', 'sunday': 'Open 24 hours', 'monday': 'Open 24 hours', 'tuesday': 'Open 24 hours', 'wednesday': 'Open 24 hours', 'thursday': 'Open 24 hours'}",,
168,MR2 Arquitetura,5.0,1.0,Architect,"R. Cazuza Barreto, 137 - Estacao Velha, Campina Grande - PB, 58410-012, Brazil","{'friday': '8AM–6PM', 'saturday': 'Closed', 'sunday': 'Closed', 'monday': '8AM–6PM', 'tuesday': '8AM–6PM', 'wednesday': '8AM–6PM', 'thursday': '8AM–6PM'}",,
169,CR2 Arquitetura,4.2,5.0,Architect,"R. Inácio Pereira da Rocha, 158 - Pinheiros, São Paulo - SP, 05432-010, Brazil","{'friday': '9AM–6PM', 'saturday': 'Closed', 'sunday': 'Closed', 'monday': '9AM–6PM', 'tuesday': '9AM–6PM', 'wednesday': '9AM–6PM', 'thursday': '9AM–6PM'}",+55 11 3034-4484,http://cr2arquitetura.com.br/
170,NV Arquitetura,5.0,7.0,Architect,"R. Silveira Martins, 510 - Centro, Novo Hamburgo - RS, 93510-310, Brazil",,+55 51 3527-2650,http://www.nvarq.com.br/sobre-nos/
171,FF Recepções,4.8,35.0,Banquet hall,"R. Henrimar Castro Oliveira, 72 - Alto Branco, Campina Grande - PB, 58401-714, Brazil",,+55 83 98630-4479,http://instagram.com/ffrecepcoes
172,School of Architecture and Urbanism of the University of Sao Paulo,4.8,179.0,Architecture school,"University of São Paulo, R. do Lago, 876 - Butantã, São Paulo - SP, 05508-080, Brazil",,+55 11 3091-4795,http://www.fau.usp.br/
173,Bittar Arquitetura,5.0,3.0,Architect,"Brookfield Towers, Av. Dep. Jamel Cecílio, 2929 - Sala 404-A - Jardim Goiás, Goiânia - GO, 74810-100, Brazil","{'friday': '8AM–6PM', 'saturday': 'Closed', 'sunday': 'Closed', 'monday': '8AM–6PM', 'tuesday': '8AM–6PM', 'wednesday': '8AM–6PM', 'thursday': '8AM–6PM'}",+55 62 3212-8770,http://bittararquitetura.com.br/
174,Limina,,,Aluminum supplier,"R. Virgílio Pereira da Silva, 56 - Liberdade, Campina Grande - PB, 58414-218, Brazil","{'friday': '8AM–6PM', 'saturday': 'Closed', 'sunday': 'Closed', 'monday': '8AM–6PM', 'tuesday': '8AM–6PM', 'wednesday': '8AM–6PM', 'thursday': '8AM–6PM'}",+55 83 98803-8991,http://limina.com.br/
175,Taguá Arquitetura,5.0,2.0,Architect,"Rua Carlos Zaim, 145, Prime 145, sala 5 - novo centro, Itu - SP, 13303-532, Brazil","{'friday': '9AM–6PM', 'saturday': 'Closed', 'sunday': 'Closed', 'monday': '9AM–6PM', 'tuesday': '9AM–6PM', 'wednesday': '9AM–6PM', 'thursday': '9AM–6PM'}",+55 11 96066-9963,https://www.instagram.com/tagua.arq/
176,ALF ARQUITETURA,4.0,2.0,Architect,"Condomínio Ville de Montagne - Quadra 9, casa 8 - Jardim Botânico, Brasília - DF, Brazil","{'friday': '9AM–6PM', 'saturday': 'Closed', 'sunday': 'Closed', 'monday': '9AM–6PM', 'tuesday': '9AM–6PM', 'wednesday': '9AM–6PM', 'thursday': '9AM–6PM'}",+55 61 99139-1542,http://alfarquitetura.com.br/
177,Studio OKA Arquitetura,5.0,2.0,Architect,"R. Levindo Lima, 183 - Parque Campolim, Sorocaba - SP, 18047-720, Brazil","{'friday': '9AM–6PM', 'saturday': 'Closed', 'sunday': 'Closed', 'monday': '9AM–6PM', 'tuesday': '9AM–6PM', 'wednesday': '9AM–6PM', 'thursday': '9AM–6PM'}",+55 15 98138-1832,http://www.studiooka.com.br/
178,Escola de Arquitetura da UFMG,4.6,97.0,Public university,"R. Paraíba, 697 - Savassi, Belo Horizonte - MG, 30130-141, Brazil",,+55 31 3409-8801,http://www.arq.ufmg.br/
179,Oliva Arquitetura,4.8,8.0,Architecture firm,"Rua Pero Correia, 263 - cj 02 - Vila Mariana, São Paulo - SP, 04113-040, Brazil","{'friday': '9AM–6PM', 'saturday': 'Closed', 'sunday': 'Closed', 'monday': '9AM–6PM', 'tuesday': '9AM–6PM', 'wednesday': '9AM–6PM', 'thursday': '9AM–6PM'}",+55 11 97178-2643,http://oliva.arq.br/
180,Escola de Arquitetura da UFMG,4.6,97.0,Public university,"R. Paraíba, 697 - Savassi, Belo Horizonte - MG, 30130-141, Brazil",,+55 31 3409-8801,http://www.arq.ufmg.br/
181,Holy Family Chapel,5.0,49.0,Chapel,"R. Pedro Clementino, 208 - Itararé, Campina Grande - PB, 58411-108, Brazil",,,
182,FALA! ARQUITETURA,4.5,8.0,Architecture firm,"1293 - 12, Maestro Offices, nº, R. Maestro Cardim - Bela Vista, São Paulo - SP, Brazil",,+55 11 99355-0710,http://falaarquitetura.com/
183,Forma Arquitetura Legal,4.6,23.0,Real estate consultant,"R. Henrique Sertório, 492 - Tatuapé, São Paulo - SP, 03066-065, Brazil","{'friday': '9AM–6PM', 'saturday': 'Closed', 'sunday': 'Closed', 'monday': '9AM–6PM', 'tuesday': '9AM–6PM', 'wednesday': '9AM–6PM', 'thursday': '9AM–6PM'}",+55 11 2090-9200,http://www.formaarquiteturalegal.com.br/
184,Kube Arquitetura,5.0,7.0,Corporate office,"R. João Afonso, 31 - Humaitá, Rio de Janeiro - RJ, 22261-040, Brazil","{'friday': '9AM–6PM', 'saturday': 'Closed', 'sunday': 'Closed', 'monday': '9AM–6PM', 'tuesday': '9AM–6PM', 'wednesday': '9AM–6PM', 'thursday': '9AM–6PM'}",+55 21 3529-0506,http://kubearquitetura.com.br/
185,Lucia Manzano | arquitetura + paisagismo,4.5,2.0,Architect,"Av. Padre Antônio José dos Santos, 1402 - Cidade Monções, São Paulo - SP, 04563-004, Brazil",,+55 11 5507-3560,http://luciamanzano.com.br/
186,Passos Associados,5.0,1.0,Architect,"Av. Paulista, 1374 - Bela Vista, São Paulo - SP, 01414-002, Brazil",,+55 11 4171-6949,http://www.passosarquitetura.com.br/
187,Dr. Thomas Oliveira,5.0,1.0,Sports medicine physician,"Complexo Heron Marinho - Sala 811,Rua José Bernardino da, R. Maria Elizabete Silva, 97 - Vila Cabral, Campina Grande - PB, 58408-000, Brazil","{'friday': '1–7PM', 'saturday': 'Closed', 'sunday': 'Closed', 'monday': '1–7PM', 'tuesday': '1–7PM', 'wednesday': '1–7PM', 'thursday': '1–7PM'}",+55 83 99412-2291,https://instagram.com/drthomasoliveira?utm_medium=copy_link
188,Ck Arquitetura - Nós Amamos Arquitetura,5.0,1.0,Architect,"R. Me. Verônica, 250 - Sala 204 - Centro, Gramado - RS, 95670-000, Brazil","{'friday': '8AM–6PM', 'saturday': 'Closed', 'sunday': 'Closed', 'monday': '8AM–6PM', 'tuesday': '8AM–6PM', 'wednesday': '8AM–6PM', 'thursday': '8AM–6PM'}",+55 51 99751-4953,http://ckarquitetura.com/
189,Praça Clementino Procópio,3.7,299.0,Fairground,"Av. Mal. Floriano Peixoto - Jardim Tavares, Campina Grande - PB, 58402-000, Brazil","{'friday': 'Open 24 hours', 'saturday': 'Open 24 hours', 'sunday': 'Open 24 hours', 'monday': 'Open 24 hours', 'tuesday': 'Open 24 hours', 'wednesday': 'Open 24 hours', 'thursday': 'Open 24 hours'}",,
190,Arquitetura & Interiores,5.0,1.0,Architect,"R. Ponta Porã, 2900 - Vila Progresso, Dourados - MS, 79824-130, Brazil",,+55 67 3422-4086,http://domarquiteturaeinterioresarquitetodouglairmascarin.vitrinevirtual.net/
191,Interni Arquitetura,5.0,1.0,Architect,"R. Cristiano Viana, 401 - cj. 309 - Pinheiros, São Paulo - SP, 05411-000, Brazil",,,http://interniarquitetura.com.br/
192,IAU - Instituto de Arquitetura e Urbanismo,4.9,34.0,Public university,"Av. Trab. São Carlense, 400 - Centro, São Carlos - SP, 13566-590, Brazil","{'friday': 'Open 24 hours', 'saturday': 'Open 24 hours', 'sunday': 'Open 24 hours', 'monday': 'Open 24 hours', 'tuesday': 'Open 24 hours', 'wednesday': 'Open 24 hours', 'thursday': 'Open 24 hours'}",+55 16 3373-8769,http://www.iau.usp.br/
193,MACh Arquitetos,5.0,1.0,Architect,"R. Raul Pompéia, 225 - São Pedro, Belo Horizonte - MG, 30330-080, Brazil",,,
194,"Faculty of Architecture, University of Lisbon",4.0,110.0,Architecture school,"R. Sá Nogueira, 1349-063 Lisboa, Portugal","{'friday': '8AM–7PM', 'saturday': 'Closed', 'sunday': 'Closed', 'monday': '8AM–7PM', 'tuesday': '8AM–7PM', 'wednesday': '8AM–7PM', 'thursday': '8AM–7PM'}",+351 21 361 5000,http://www.fa.ulisboa.pt/
195,URBANA ARQUITETURA E PROJETOS LTDA,5.0,2.0,Architecture firm,"Av. dos Bandeirantes, 1725 - sala 8 - Anchieta, Belo Horizonte - MG, 30310-403, Brazil","{'friday': '9AM–6PM', 'saturday': 'Closed', 'sunday': 'Closed', 'monday': '9AM–6PM', 'tuesday': '9AM–6PM', 'wednesday': '9AM–6PM', 'thursday': '9AM–6PM'}",+55 31 3262-4427,http://www.urbanaarquitetura.com.br/
196,MAD | Arquitetura + Design,5.0,1.0,Interior architect office,"Av. Pref. Chiquilito Erse, 2839 - Agenor M. de Carvalho, Porto Velho - RO, 76820-713, Brazil","{'friday': '8AM–6PM', 'saturday': '8AM–12PM', 'sunday': 'Closed', 'monday': '8AM–6PM', 'tuesday': '8AM–6PM', 'wednesday': '8AM–6PM', 'thursday': '8AM–6PM'}",+55 69 99212-1088,https://www.instagram.com/mad_arquitetura
197,AsBEA-SP,5.0,1.0,Architect,"Escritório virtual, Av. Engenheiro Luís Carlos Berrini, 1140 - 7° andar - Cidade Monções, São Paulo - SP, 04571-930, Brazil","{'friday': '9AM–6PM', 'saturday': 'Closed', 'sunday': 'Closed', 'monday': '9AM–6PM', 'tuesday': '9AM–6PM', 'wednesday': '9AM–6PM', 'thursday': '9AM–6PM'}",+55 11 3168-4982,http://www.asbea.org.br/
198,FF Recepções,4.8,35.0,Banquet hall,"R. Henrimar Castro Oliveira, 72 - Alto Branco, Campina Grande - PB, 58401-714, Brazil",,+55 83 98630-4479,http://instagram.com/ffrecepcoes
199,CarlosNahum.Arquitetura&Construção,,,Architect,"Av. Pernambuco, 532 - Pacoval, Macapá - AP, 68908-290, Brazil","{'friday': '8AM–6PM', 'saturday': '8AM–12PM', 'sunday': 'Closed', 'monday': '8AM–6PM', 'tuesday': '8AM–6PM', 'wednesday': '8AM–6PM', 'thursday': '8AM–6PM'}",+55 96 98808-2616,
